,article
0,"정부가 올해 2차 추가경정예산안을 확정하면서 일반 국민은 1인당 25만원의 소비쿠폰을 민생회복지원금으로 받게 됐다. 4인 가족은 지원액이 100만원에 달한다. 지역사랑상품권(지역화폐)에 대한 국비 지원도 늘려 최고 할인율이 종전 10%에서 15%로 올라간다. 고효율 가전기기를 구매하면 10%를 환급받고 숙박, 영화 관람, 스포츠시설 분야 등의 할인 쿠폰도 발급될 예정이다. 정부는 이번 추경으로 잔뜩 움츠러든 내수 소비가 되살아나기를 기대하고 있다.
◇인구소멸지역 주민에 2만원 추가 지급
19일 기획재정부에 따르면 2차 추경에서 비중이 가장 큰 사업은 10조3000억원 규모의 민생회복 소비쿠폰이다. 지방비까지 더하면 13조2000억원에 달하는 사업이다. 지원금은 두 차례로 나눠 지급한다. 1차로 일반 국민과 소득 상위 10%는 15만원, 차상위계층은 30만원, 기초생활 수급자는 40만원을 지급한다. 인구소멸지역 84개 시·군 거주자 411만 명은 따로 2만원을 더 준다. 2차 때는 건강보험료 기준으로 소득 하위 90%에 10만원을 추가로 지급한다.
최종적으로 소득 상위 10%인 512만 명은 15만원을 받는다. 일반 국민 4296만 명은 25만원, 차상위계층 38만 명은 40만원, 기초생활보장 수급자 271만 명은 50만원을 받는다. 인구소멸지역에 거주하는 기초생활수급 4인 가구는 208만원((50만원+2만원)×4인)을 받게 된다.
1차 소비쿠폰은 이르면 7월 중순 지급될 전망이다. 7월 국회 본회의에서 추경안이 통과되면 2주 안에 지급하기로 했다. 2차는 소득 선별 작업이 끝나는 대로 준다. 소비쿠폰은 지역화폐, 선불카드, 신용·체크카드 포인트 가운데 선택해 받을 수 있다. 현금으로는 지급하지 않는다. 사용 기한은 4개월이다. 유흥주점과 경마장을 비롯한 유흥·사행업종에서는 쓸 수 없다.
◇고효율 가전 사면 최대 30만원 환급
정부는 지역화폐 할인액 지원 사업에도 6000억원을 편성했다. 이를 통해 지역화폐 발행 규모를 종전 21조원에서 29조원으로 늘린다. 지역화폐 할인율도 종전 7~10%에서 7~15%로 상향 조정한다. 수도권은 지역화폐 할인율이 7~10%에서 10%로, 비수도권은 7~10%에서 13%로 높아진다. 인구감소지역은 할인율이 10%에서 15%로 올라간다. 서울시와 경기 화성시, 성남시 등 지방교부금을 받지 않는 지자체(불교부단체)의 할인율은 자율에서 7% 이상으로 바뀐다.
고효율 가전제품 구매 비용의 10%를 환급하는 사업에도 3261억원을 배정했다. 에너지 소비효율 1등급 가전 제품(냉장고·에어컨·세탁기·전기밥솥·TV 등 11개 품목)을 구매하면 1인당 최대 30만원까지 환급받는다. 신혼부부 한 쌍이 혼수 가전을 사면 60만원까지 돌려받을 수 있는 셈이다.
숙박, 영화 관람, 스포츠 시설, 미술 전시, 공연예술 등 5대 분야 소비 진작을 위해 할인쿠폰 780만 장을 제공하는 사업에는 778억원을 배정했다. 온라인 예약 사이트에서 예약하면서 할인쿠폰을 받을 수 있다. 숙박쿠폰은 1박당 2만~3만원, 미술 전시와 영화 관람은 회당 각각 3000원, 6000원, 스포츠 시설은 5만원을 할인해준다. 예산이 소진될 때까지 할인 행사를 하는 만큼 할인쿠폰은 선착순으로 지급된다.
중소기업 근로자 휴가비 지원 사업도 대상을 기존 6만5000명에서 15만 명으로 늘리기로 했다. 회사와 근로자가 각각 10만원, 20만원의 여행 자금을 적립하면 정부가 10만원을 지원하는 사업이다. 이를 통해 국내 관광을 활성화하겠다는 목표다.
임기근 기재부 2차관은 “경기가 우상향 경로에 진입하기 위해서는 적기에 과감한 재정 투입이 무엇보다 절실하다”며 “2차 추경이 위축된 경기를 살리는 마중물이 되기를 기대한다”고 말했다."
1,"이재명 정부가 7년 이상 연체된 5000만원 이하의 개인 부채 탕감에 나선다. 내년부터 채무조정 프로그램을 가동해 113만여 명의 빚 16조4000억원을 완전 소각하거나 원금의 최대 80%를 감면하겠다는 구상이다. 중위소득 60% 이하 소상공인은 새출발기금을 통해 연체 원금의 최대 90%를 탕감해 준다. 장기간 빚의 늪에 빠져 정상적인 생활이 어려운 취약계층을 구제한다는 취지다. 하지만 도덕적 해이에 대한 우려도 나온다.
◇상환능력 상실한 채권은 소각
19일 금융위원회는 이런 내용이 담긴 2025년도 제2차 추가경정예산안이 국무회의에서 의결됐다고 밝혔다. 이재명 대통령이 공약으로 내건 채무 탕감에 속도를 내기 위한 조치다. 정치권과 정부 관계자에 따르면 이 대통령은 지난 9일 열린 비상경제점검 태스크포스(TF) 2차 회의에서 장기 연체 부채를 ‘썩은 부채’라고 표현하며 대책 마련을 지시한 것으로 전해졌다.
이번에 신설되는 장기 연체채권 채무조정 프로그램은 한국자산관리공사(캠코)가 출자한 채무조정 기구가 금융회사로부터 장기 연체채권을 일괄 매입한 뒤 없애는 구조다. 7년 이상 연체된 5000만원 이하 개인 무담보채권이 매입 대상이다. 신용정보원 연체 정보 등록 기간(7년)과 신용회복위원회 채무조정 신청자의 평균 채무액(4456만원) 등을 고려했다는 게 금융당국의 설명이다.
채무조정 기구는 채권 매입 후 소득 및 재산 심사를 거쳐 소각 혹은 채무조정을 결정한다. 중위소득 60% 이하에 처분할 재산이 없는 경우 상환능력을 상실했다고 보고 채권을 소각한다. 채무 대비 상환능력이 부족하다고 판단될 땐 원금의 최대 80%를 감면하고 나머지는 10년간 분할상환하도록 할 방침이다.
차주 약 113만4000명의 장기 연체채권 총 16조4000억원에 대한 채무조정이 이뤄질 것으로 추산된다. 채무조정 기구가 연체채권을 평균 5% 가격에 매입한다고 했을 때 8000억원 규모의 재원이 필요하다. 정부는 2차 추경으로 이 중 4000억원을 마련하겠다는 구상이다.
실제 채무 탕감은 내년께 이뤄질 전망이다. 금융당국은 올해 3분기 세부 조건 및 절차를 발표할 계획이다. 금융위 관계자는 “금융사와 채권 매각 협약을 맺고 매입 진행, 개별 심사 등을 하는 데 1년가량 소요될 것으로 보인다”고 말했다.
◇새출발기금 지원 대상 확대
지난 정부에서 코로나19로 피해를 본 소상공인을 지원하기 위해 도입한 채무조정 프로그램인 새출발기금도 확대한다. 총채무 1억원 이하면서 중위소득 60% 이하인 저소득 소상공인의 무담보채무를 대상으로 원금의 90%를 감면해 줄 계획이다. 지금까지는 상환능력에 따라 원금의 60~80%를 감면했다. 나머지 채무의 분할상환 기간도 기존 최대 10년에서 20년으로 늘릴 방침이다.
최근 새로 창업한 차주까지 신청할 수 있다. 새출발기금 지원 대상은 확대 개편을 통해 지난해 12월부터 이달까지 영업한 소상공인도 지원 대상에 포함된다. 총 10만1000명의 채무 6조2000억원이 지원 범위에 들어올 것으로 예상된다. 추경 반영 예산은 7000억원이다.
도덕적 해이와 형평성 논란은 숙제다. 빚을 성실하게 갚아 온 차주에 대한 역차별 문제와 ‘버티면 정부가 빚을 없애준다’는 인식이 확산할 수 있다는 우려가 나온다. 코로나19 피해와 관련이 없는 최근 신규 창업자의 부채까지 탕감해 주는 건 과도하다는 지적도 있다.
이 같은 비판에 대해 권대영 금융위 사무처장은 전날 정부세종청사에서 열린 추경 브리핑에서 “상환능력을 상실한 차주는 국내 금융 시스템에서 1~2% 정도”라며 “이들의 재기를 지원해 다시 경제 활동에 나서 정상적인 삶을 살 수 있도록 하는 취지의 일회성 지원 프로그램”이라고 설명했다."
2,"건설과 제조업 불황 등으로 실업자가 급증하자 정부가 2차 추가경정예산안에 구직(실업)급여 재원을 1조3000억원 추가 편성했다. 올해 실업급여를 받을 수 있는 총인원은 180만 명으로 작년 수급 인원보다 70% 늘어났다.
고용노동부는 19일 국무회의에서 의결된 2차 추경에 실업급여 예산이 1조2929억원 포함됐다고 밝혔다. 올해 본예산에 책정된 실업급여 예산(10조9171억원)의 12% 수준이다. 올해 실업급여 수급 가능 인원은 161만1000명에서 179만8000명으로 약 18만7000명 증가했다.
실업급여는 비자발적 실직자의 생계 안정을 위한 고용안전망 제도다. 고용부에 따르면 올 들어 5월까지 실업급여 누적 수급자는 약 110만 명으로 지난해 1년 수급자 수(106만 명)를 이미 넘어섰다. 고용부 관계자는 “1분기 상황을 고려해 실업급여 재원을 여유 있게 확충했다”고 설명했다.
또 다른 고용안전망인 국민취업지원제도 예산으로는 1652억원이 편성됐다. 저소득 구직자, 청년 등 고용보험을 적용받지 못하는 취약계층을 지원하는 제도다. 수급 대상자는 30만5000명에서 36만 명으로 증가했다.
이 밖에도 2차 추경에 △고등학생 맞춤형 직업훈련 160억원 △지역 중소기업 직업훈련 101억원 △저임금근로자 사회보험료 지원 258억원 △폭염예방장비 지원 150억원 등 고용 관련 예산이 들어갔다. 2차 추경에 반영된 고용부 예산은 총 1조5837억원으로 1차 추경(2803억원)의 다섯 배가 넘는다.
고용부 관계자는 “고용안전망을 보강하고 청년 일자리 기회를 확대하기 위한 일자리 예산을 중심으로 2차 추경안을 편성했다”며 “체불 근로자와 영세사업장 저소득 근로자 민생 회복을 위한 예산도 일부 포함됐다”고 설명했다. 경제계 관계자는 “당장 일자리를 잃어 먹고살 길이 없는 사람을 지원하는 대책이 필요한 것은 사실이지만 단순 현금 지원 위주의 대책이 반복되면 실업자의 취업 의지를 꺾는 ‘실업의 구조화’가 확산할 수 있다”고 경고했다."
3,"정부는 올해 두 차례에 걸쳐 총 44조원 규모 추가경정예산을 투입할 경우 경제성장률을 0.2%포인트 끌어올릴 수 있다고 기대한다. 정부 안팎에선 ‘트럼프 관세’를 둘러싼 불확실성과 중동 정세 악화 등에 따른 영향이 지속돼 올해 ‘0%대 성장’을 벗어나기는 쉽지 않다는 우려가 나온다.
임기근 기획재정부 2차관은 19일 브리핑에서 “30조5000억원(세입경정 10조3000억원 포함) 규모의 2차 추경으로 연간 0.2%포인트의 성장 효과가 있을 것으로 예상한다”며 “다만 2차 추경 집행 기간이 올 하반기에 국한되기 때문에 실제로는 절반인 0.1%포인트 성장률을 올리는 효과가 있을 것”이라고 예상했다.
정부는 지난달 국회를 통과한 13조8000억원 규모의 1차 추경안을 발표하면서 추경이 경제성장률을 0.1%포인트 높이는 효과가 있을 것이라고 분석했다. 1차와 2차 추경 효과를 합하면 올해 경제성장률은 총 0.2%포인트 높아진다는 계산이 나온다.
앞서 한국은행과 국책 연구기관인 한국개발연구원(KDI)은 올해 경제성장률 전망치를 0.8%로 제시했다. 단순 계산으로는 두 차례의 추경이 집행되면 올해 경제성장률이 1%에 이를 수 있는 것이다. 하지만 기재부 관계자는 “한은과 KDI의 경제성장률 전망치는 1차 추경 효과(0.1%포인트 상승)를 반영한 것”이라며 “미국의 관세 조치와 이스라엘·이란 전쟁 등 대외 경제 여건이 한층 악화해 0.8%라는 수치 자체가 떨어질 가능성도 있다”고 말했다.
한은과 KDI의 전망이 낙관적이란 지적도 있다. 글로벌 투자은행(IB)인 JP모간과 씨티그룹은 올해 성장률을 0.5~0.6%, 소시에테제네랄은 0.3%로 제시했다. 이에 대해 임 차관은 “새 정부 정책으로 국민 경제 심리에 긍정적인 영향을 미치는 간접효과가 나타난다면 경제성장률 추가 상승을 기대할 수도 있다”고 말했다. 하지만 이코노미스트들은 올해 대규모 추경을 투입해 내수를 부양하면 기저효과로 내년 성장률이 둔화할 수 있다고 경고한다."
4,"강민수 국세청장(사진)이 18~19일 아제르바이잔 바쿠에서 열린 제29차 유럽 조세행정협의기구(IOTA) 총회에 참석했다고 국세청이 19일 밝혔다.
IOTA는 유럽 지역 조세행정 협력을 강화하기 위해 1996년 설립된 과세당국 협의체다. 우리나라는 2021년 준회원국으로 가입했다. 이번 회의에선 인공지능(AI) 기술 발전, 민간 세무 서비스 고도화 등에 대응하기 위한 과세당국의 전략이 논의됐다. 국세청 관계자는 “과세당국 간 협력을 강화해 우리 기업이 사업에 전념할 수 있도록 지원할 것”이라고 말했다."
5,"이재명 대통령이 19일 용산 대통령실에서 국무회의를 주재하며 발언하고 있다. /연합뉴스
이재명 정부가 출범 2주 만에 30조5000억원의 대규모 추가경정예산안(추경)을 내놨다. 세입경정(10조3000억원)을 제외하고 민생 현장에 푸는 돈만 20조2000억원에 달한다. 전 국민에게 소비쿠폰을 지급하고, 소상공인 143만 명의 빚을 탕감해 역대급으로 주저앉은 내수를 일으켜 세우겠다는 구상이다.
이재명 대통령은 19일 용산 대통령실에서 국무회의를 주재하고 이 같은 내용의 추경안을 의결했다. 올해 들어 두 번째이자 이재명 정부의 첫 번째 추경이다.
이 대통령은 국무회의 첫머리발언에서 “작년 12월 3일 이후 심리적 위축이 심해져 서민의 고통이 매우 크다”고 말했다. 이어 “건전재정이나 재정균형의 원칙도 중요하지만 지금은 너무 침체가 심해서 정부의 역할이 필요한 때”라며 “국가 재정을 사용할 때가 됐다”고 강조했다. 역대급 ‘속도전’으로 진행한 이번 추경은 경기 진작과 민생 안정에 방점이 찍혔다. 13조8000억원 규모의 1차 추경은 산불 피해 복구, 통상 지원 등 ‘필수 추경’이었다.
우선 직접 투입하는 재정의 절반 이상인 13조2000억원을 전 국민 소비쿠폰 지급에 쓴다. 모든 국민에게 15만~50만원씩 지급해 전국 상권에 돈이 돌게 하겠다는 구상이다. 이를 위해 현금이 아니라 지역사랑상품권, 선불카드, 신용·체크카드 등의 방식으로 지급한다. 내수 부진의 주요 원인인 건설 경기를 활성화하는 데도 2조7000억원을 투입한다. 악성 미분양 주택 1만 가구를 환매조건부로 매입하고, 철도·항만 등 사회간접자본(SOC) 투자 속도를 높이기로 했다.
자영업자와 소상공인의 재기를 돕기 위한 ‘특별 채무조정 패키지’도 포함됐다. 7년 이상 연체된 5000만원 이하 개인 무담보채권을 정부가 일괄 매입해 소각하는 데 4000억원이 들어간다. 벤처·중소기업 지원, 인공지능(AI) 확산 및 신재생에너지 인프라 확대 등에도 1조2000억원을 투입하기로 했다. 추경안은 오는 23일 국회에 제출할 예정이다.
정부는 추경 재원을 마련하기 위해 19조8000억원의 국채를 추가로 발행한다. 이에 따라 국가채무가 처음으로 1300조원을 넘어서게 됐다. 기획재정부는 국내총생산(GDP) 대비 관리재정수지 적자 규모를 3% 이내로 묶는 ‘재정준칙’을 완화할 방침이다."
6,"지난 18일 아랍에미리트(UAE) 두바이에서 '2025 두바이 K푸드 페어'가 열렸다. 해외 바이어들이 현장에서 K푸드를 살펴보고 있다. 사진=공동취재단
‘중동의 홍콩’ 아랍에미리트(UAE) 두바이에서 K푸드 박람회가 열렸다. 이틀간 약 200만달러규모의 현장 업무계약(MOU)이 체결되는 성과를 거뒀다. 해외 바이어들은 이슬람 율법에 따라 생산된 ‘할랄 한우’에 높은 관심을 보였다.
19일 농림축산식품부와 한국농수신식품유통공사(aT)에 따르면 지난 17~18일 두바이 주메이라 비치 호텔에서 ‘2025 두바이 K푸드 페어’가 개최됐다. 한국 식품기업 30개 사와 중동·터키지역 바이어 60여개 사가 참여한 이번 행사엔 상담 총 251건이 이뤄져 200만달러 규모의 MOU가 체결됐다. 행사에 참여한 커피음료 전문기업 쟈뎅 관계자는 “해외 바이어들에게 제품을 소개하려면 이메일이나 와츠앱으로 소통하는데, 시차도 있고 상품을 설명하기도 어렵다”며 “이번 행사에선 직접 제품을 보여주면서 설명할 수 있어 큰 도움이 됐다”고 했다.
UAE는 K푸드의 새로운 영토로 꼽힌다. 올들어 지난달까지 UAE에 수출된 농림축산식품은 1억1600만달러로, 1년 전 같은 기간보다 40.2% 늘었다. 제품별로 보면 라면(970만달러·12.1%)과 소스류(90만달러·44.6%), 음료(60만달러·28.0%) 등이 높은 성장세를 보였다.
지난 18일 아랍에미리트(UAE) 두바이에서 '2025 두바이 K푸드 페어'가 열렸다. 해외 바이어들이 현장에서 K푸드를 살펴보고 있다. 사진=공동취재단
현장에선 K푸드가 인기를 끌면서 바이어들이 스스로 현지 소비자들을 공략할 방안을 찾는 모습도 나타났다. 해외 바이어 로이든 씨는 “떡볶이의 경우 소비자들이 ‘고무’ 같은 식감이 난다는 이유로 식사를 꺼리는 경우가 종종 있는데, 이를 넘어서기 위해 먼저 소비자들에게 익숙한 라면을 곁들인 라볶이를 수입하고 있다”고 했다. 현지 유력 유통업체인 ‘초이드람’ 관계자는 “라면이나 스낵 같은 K푸드 주력 상품뿐만 아니라 기능성 음료와 홍삼 같은 전통 식품도 빠르게 인기를 끌 것”이라고 평가했다.
현지 관계자들은 중동에서 한우의 성장 가능성을 높게 보고 있다. K푸드 페어에 참여한 합천축협 관계자는 “한우는 와규보다 고기를 씹는 식감이 더 좋기 때문에 인기가 많다”며 “많은 바이어가 관심을 보인다”고 했다.
전기찬 aT 수출 식품 이사는 “할랄 인증 한우처럼 고부가가치 제품 포트폴리오를 확대하겠다”고 말했다. 주원철 농식품부 식품산업정책관은 “급변하는 수출 환경에 적시 대응해 수출기업을 돕겠다”고 했다."
7,"이창용 한국은행 총재가 18일 ‘물가안정상황 운영상황 점검 기자설명회’에서 안경을 고쳐 쓰고 있다. /임형택기자
이창용 한국은행 총재가 18일 정부와 여당이 추진하는 2차 추가경정예산안 편성에 대해 “물가에 주는 영향은 크지 않을 것”이라고 밝혔다.
이 총재는 이날 서울 남대문로 한은 별관에서 열린 물가안정상황 운영상황 점검 기자설명회에서 추경과 관련한 질문을 받자 “당정의 추경안 내용을 보지 못해 (정확히) 평가하기는 어렵다”며 이같이 밝혔다.
이 총재는 소비 진작을 위한 전 국민 지원금에 대해선 “구체적인 내용은 알지 못한다”면서도 “재정 효율성 면에서 보편적인 지원보다 선택적인 지원이 어려운 자영업자와 영세 사업자를 돕는 데 효율적”이라며 과거 반대 입장을 고수했다. 추경 규모가 확대되면서 기준금리 인하 속도가 늦어질 수 있다는 시장 관측엔 “언제 어느 정도 내릴지는 가계부채, 주택시장, 외환시장 등을 보면서 결정할 것”이라며 말을 아꼈다.
한은은 20조원 안팎의 추경이 편성될 경우 내년 물가상승률이 0.1%포인트 추가 상승할 것으로 분석했다. 추경 편성과 지출에 필요한 절차와 시간을 고려하면 올해 물가에 미치는 영향은 제한적일 것으로 봤다. 추경 편성에 따른 경제 효과는 다음달 공개한다.
한은은 이날 설명회에서 물가상승률 흐름에 대해 안정적이라고 평가했다. 최근 물가상승률은 2% 안팎에서 움직이고 있다. 한은은 “가공식품과 일부 서비스가격이 인상된 점은 물가상승률에 상방 요인으로 작용하겠지만, 낮은 수요압력 등이 이를 상쇄해 올해 하반기 소비자물가·근원물가(에너지·식료품 제외) 상승률은 모두 1%대 후반 수준에서 안정될 것”이라고 밝혔다.
최근 중동 지역의 지정학적 갈등 고조에 따른 국제 유가 상승 우려는 위협 요인으로 지목했다. 이 총재는 “유가가 75달러까지 오르는 상황에 대해 분석했지만 시장에 논의되는 불확실성은 이보다 더 큰 수준”이라며 “유가가 낮은 수준으로 유지되는 것이 도움이 되기 때문에 또 하나의 악재가 생기지 않았으면 하는 마음”이라고 말했다.
물가 수준이 높아진 점도 언급했다. 이 총재는 “물가 안정이라는 말은 물가상승률이 안정됐다는 뜻”이라며 “높아진 물가 수준 때문에 물가가 안정됐다고 못 느끼는 사람이 많을 것”이라고 짚었다. 보고서를 통해서도 “팬데믹 이후 물가 상승기를 거치면서 높아진 물가 수준이 계속 가계에 부담으로 작용하고 있다”며 “최근 가공식품 등 필수재 가격도 인상돼 취약계층의 체감물가가 높다”고 진단했다."
8,"정부가 대학생에게 제공하던 ‘천원의 아침밥’ 사업을 지역의 산업단지 근로자 등으로 확대할 계획이라고 18일 밝혔다. 사진은 ‘천원의 아침밥’을 배식 받고 있는 경희대 학생들. /뉴스1
정부가 직장인판 ‘천원의 아침밥’ 사업을 추진한다. 지역의 산업단지 근로자 등에게 아침밥을 시중 가격보다 저렴하게 제공하는 사업이다. 직장인의 아침값 부담을 덜어주는 동시에 쌀 소비를 촉진하기 위한 목적에서다.
18일 관계부처에 따르면 농림축산식품부는 19일 국정기획위원회에 ‘직장인 천원의 아침밥’ 사업 추진 계획을 보고할 예정이다. 농식품부 관계자는 “이재명 대통령이 공약으로 밝힌 직장인판 ‘천원의 아침밥’ 사업 보고를 준비하고 있다”며 “기획재정부와 내년 예산안에 관련 사업을 반영할지 논의할 계획”이라고 말했다.
정부는 대학생에게 아침밥을 1000원에 제공하는 ‘천원의 아침밥’ 사업을 운영 중이다. 대학생이 1000원을 내면 정부(농식품부)가 1000원을 지원하고 나머지는 학교가 부담하는 구조다. 서울 등 일부 지방자치단체는 자체 예산으로 지원하기도 한다. 청년들이 아침밥을 먹도록 장려하면서 쌀 과잉 공급 문제도 해결하기 위해 2017년 처음 시행했다. 올해 이 사업에 참여한 대학은 200곳으로 지난해보다 14곳 늘었다.
정부는 산업단지 근로자로 천원의 아침밥 지원 대상을 확대한다는 방침이다. 기업 및 산단이 운영하는 구내식당 등에서 1000~3000원가량에 아침밥을 사 먹을 수 있도록 지원하는 방안이 우선 검토되고 있다. 정부가 1000~2000원을 지원하고 기업이 나머지를 부담하는 방식이다. 아침을 무료로 제공하는 기업에 정부가 세제 등 인센티브를 제공하는 등의 방식도 거론된다.
이 대통령은 지난달 11일 페이스북에 “대학생과 노동자에게 ‘천원의 아침밥’을 제공하겠다”고 적었다. 더불어민주당의 대선 공약집에도 생활비 절감 대책의 하나로 ‘전국산업단지 근로자를 위한 천원의 아침밥 사업 지원’이 담겨 있다. 정부 일각에서는 천원의 아침밥 대상을 취업준비생으로 확대하자는 주장도 나온다.
일부 지자체는 자체적으로 ‘직장인 천원의 아침밥’ 사업을 하고 있다. 2023년 전국 최초로 근로자 조식 사업을 한 광주광역시는 하남산단과 첨단산단 조식지원센터에서 시중 가격 대비 50%가량 저렴한 가격에 김밥, 샌드위치, 샐러드 등 간편 조식을 판매 중이다.
물가 안정 대책의 일환이라지만 국민 세금으로 직장인의 아침 식사를 지원하는 게 맞냐는 지적이 나온다. 전형적인 선심성 정책이란 비판이다. 매출 감소가 예상되는 주변 식당의 반발도 예상된다. 산업단지 근로자로 시작하더라도 향후 선거를 거칠 때마다 대상자가 무분별하게 늘어날 것이라는 우려도 나온다.
이미 아침밥에 이어 점심밥으로 범위를 확대하자는 논의도 진행 중이다. 김민석 국무총리 후보자는 지난 13일 식품업계와의 간담회에서 “‘대학생 천원의 아침밥’과 ‘경로당 주 5일 점심’을 입안한 경험이 있다”며 “‘직장인 든든한 점심’까지 일종의 3대 세트로 발전할 수 있는 것 아닌가”라고 말했다."
9,"한국표준협회가 18일 서울 소공동 롯데호텔에서 ‘2025 소비자웰빙환경만족지수 1위 인증 수여식’을 열었다. 올해로 22회째를 맞은 소비자웰빙환경만족지수는 표준협회와 연세대 환경과학기술연구소가 2004년 공동 개발했다. 앞줄 왼쪽부터 함성수 KCC 상무, 조공훈 KCC 상무, 전광진 삼육식품 사장, 남종현 그래미 회장, 문동민 한국표준협회장, 김성헌 연세대 교수, 이익재 세브란스병원 진료혁신부원장, 김도한 더케이예다함 대표, 서호영 KCC 상무, 김승곤 에몬스가구 부사장.
한국표준협회 제공"
10,"사진=연합뉴스
미국의 이란 공격 가능성이 나오면서 외환시장 불안이 심화하고 있다. 안전자산 선호현상이 나타나면서 원·달러 환율이 한달만에 최대 수준까지 올랐다.
19일 서울 외환시장에서 원·달러 환율(오후 3시30분 기준)은 전날보다 10원80전 오른 1380원20전에 주간 거래를 마쳤다. 최근 안정세가 나타나던 환율이 1380원 위로 올라간 것은 지난달 30일(1380원10전) 이후 처음이다. 지난달 22일(1381원30전) 이후 약 한 달 만에 가장 높은 수준까지 올랐다.
이날 환율은 전날보다 5원60전 오른 1375원에 개장했다. 이르면 주말 미국이 이란의 핵시설을 공격할 것이라는 보도가 나오자 1386원30전까지 뛰기도 했다.
주요 6개국 통화 대비 달러 가치를 보여주는 달러인덱스는 전날보다 0.55% 오른 99.103을 나타냈다. 달러인덱스는 지난 6월 11일(99.104) 이후 98대를 유지하다가 다시 99대로 올라섰다. 중동 정세 불안에 따른 안전자산 선호 현상이 달러 가치를 올린 것이란 분석이 나온다.
오후 3시 30분 기준 원·엔 재정환율은 100엔당 950원26전이다. 전날 오후 3시 30분 기준가보다 5원49전 올랐다. 엔·달러 환율은 0.2% 오른 145.24엔을 기록했다.
국고채 금리는 대체로 소폭 상승했다. 서울 채권시장에서 3년 만기 국고채 금리는 전 거래일보다 0.003%포인트 오른 연 2.475%에 장을 마쳤다. 5년물과 2년물은 각각 0.003%포인트, 0.018%포인트 상승해 연 2.640%, 연 2.483%에 마감했다. 반면 10년물 금리는 연 2.874%로 0.002%포인트 하락했다.
이날 채권 시장은 정부의 2차 추경안에 주목했다. 정부 추경안에 따르면 적자 국채 발행 규모는 19조8000억원으로 시장 예상 수준에 부합했다. 대부분 선반영된 만큼 이날 시장은 대체로 보합 수준에서 움직였다고 전문가들은 설명했다."
11,"한국은행이 이재명 더불어민주당 대통령선거 후보의 '호텔경제학'을 옹호했다는 주장에 대해 ""다른 제도를 설명한 것""이라고 밝혔다. 한은이 '호텔 예약비'로 시작하는 자금의 순환 과정을 자료에서 언급한 것은 맞지만 재정정책의 승수효과가 아니라 한은의 일시적 유동성 공급에 관한 예시였다는 것이다.
21일 한은 고위관계자는 기자와의 통화에서 ""호텔과 관련된 예시는 중앙은행의 지급과 결제, 청산 과정을 설명하기 위해 쓴 것""이라며 ""재정정책의 승수효과와 관련해 언급한 것이 아니다""라고 설명했다.
한은은 작년 말 발간한 '한국은행과 지급결제제도'라는 제목의 책자에서 이 예시를 썼다. 여행객이 낸 5만원으로 호텔 주인과 정육점 주인, 양돈업자, 사료가게의 빚을 차례로 상환했다는 내용이다. 한은은 ""주고 받을 금액을 계산하고, 확정하는 과정이 청산, 자금이체를 통해 확정된 채권·채무 관계를 종결하는 과정이 결제""라며 ""(여행객이 냈던 5만원은) 중앙은행이 결제자금이 부족한 지급결제시스템 참가기관에 대해 일시적으로 대출해 이 과정을 원활하게 해주는 것과 유사하다""고 설명했다.
한은은 현재 일중당좌대출 제도를 통해 이 같은 업무를 수행하고 있다. 일시적으로 유동성이 부족한 금융기관에 자금을 대출해주고, 청산과 결제 작업이 완료되는대로 빌려준 자금을 당일에 회수하는 제도다. 자금공급을 통해 경제가 순환하는 것은 맞지만 매출이 일어나 경제가 성장할 수 있다는 내용과는 큰 관계가 없다.
한은은 이 자료의 출처에 대해 지난 2011년 로버트 맥티어 댈러스 연방준비은행 총재가 포브스에 기고한 내용을 인용했다고 설명했다. 맥티어 총재도 이 예시를 중앙은행의 역할과 관련해서 썼다. 그는 처음 자금을 공급한 사람을 벤 버냉키 당시 미국 중앙은행(Fed) 의장으로 여겼다.
이에 앞서 2009년 미제스 인스티튜트에 올라온 글에서는 이를 역설적 사례로 언급했다. 이 글을 쓴 로버트 블루멘은 ""'모두의 부채가 탕감됐습니다'라는 낙관적 얘기는 모든 부채가 경제 내부에 있는 폐쇄적 경제에서만 가능한 얘기""라고 지적했다. 또 ""똑같은 상황을 두고 '모두의 자산이 감소했습니다'라는 비관적인 결론도 가능하다""고도 썼다. 자산인 채권이 부채인 채무와 함께 청산되기 때문이다.
한은이 '호텔 예시'를 썼다는 얘기는 한은 출신으로 이 후보의 경제책사 역할을 맡고 있는 하준경 한양대 경제학과 교수가 언급하면서 나왔다. 하 교수는 SNS에 ""(한은도) 돈이 돌아야 거래가 생기고 빚도 갚게 된다는 것을 직관적으로 설명하기 위해 이런 예시를 들었다""며 ""케인즈의 유효수요이론과 그 예시를 두고 지금 어떤 경제학자도 이를 '땅구멍 경제학'이나 '폐광 경제학'이라고 호도하지 않는다""고 썼다.
이재명 더불어민주당 대선 후보가 지난 20일 오후 경기 김포시 구래역 문화의 거리에서 열린 김포 유세에서 연단에 오르고 있다. 국회사진기자단
이재명 후보도 최근 호텔경제학에 대한 비판이 나오자 ""돈을 돌게 하면 경제가 더 나아진다는 예시를 들었는데 이를 이상하게 해석한 것""이라고 반박했다. 이 후보는 ""경기가 나쁘면 동네에 돈이 돌게 해야 동네 경제가 나아진다""며 이같이 주장했다. 그는 ""동네 치킨가게에서 돈이 돌아 매출이 늘면 가게 주인은 막걸리도 한 잔 먹고, 닭도 사야 하고 양념도 사야 한다""며 ""그럼 동네 경제가 조금이라도 나아질 것이고, 이를 ‘승수효과’라고 하는데 이걸 모르는 바보들이 있다""고 강조했다.
다만 재정정책의 승수효과가 자금을 회수해도 남아있는지에 대해선 논란의 여지가 있다. 한은 사정에 정통한 한 경제학과 교수는 ""재정정책을 통해 자금을 공급하면 승수효과를 통해 경제가 성장할 수는 있다""면서도 ""마지막에 자금을 회수하면 그 효과가 사라질 가능성이 크다""고 설명했다. 그는 ""중앙은행의 역할에 대한 예시가 재정정책에 대한 설명으로 바뀌는 과정에서 스텝이 꼬인게 아닌가 생각한다""고 말했다."
12,"사진=연합뉴스
""왜 브리핑을 안 하나요.""
지난 24일 정부는 '2026년도 예산안 편성지침' 보도자료를 배포했다. 편성지침은 내년 재정 편성의 가이드라인이다. 내년 재정 씀씀이 계획을 담은 정부 가계부다. 통상 편성지침은 작성을 담당한 기획재정부 예산실 관계자가 직접 기자들에게 설명하는 백브리핑을 진행했다. 작년에는 김동일 기재부 예산실장이 브리핑을 주관했다.
올해는 브리핑을 건너 뛰기로 했다. ""특별한 이유는 없다""는 것이 기재부 설명이다. 하지만 이번 예산안 편성지침이 윤석열 대통령에 대한 탄핵소추 선고를 앞두고 나온 만큼 무게감이 떨어질 수밖에 없다는 평가가 많다. 탄핵소추 결과에 따라 조기 대선이 이뤄질 경우 예산지침을 새로 짜야 하기 때문이다.
윤석열 정부가 출범한 2022년에도 비슷한 상황이 벌어진 바 있다. 기재부는 2022년 3월 '2023년도 예산안 편성지침'을 발표한 바 있다. 하지만 두 달 뒤 윤석열 정부가 들어서자 기재부는 부랴부랴 '2023년 예산안 편성 추가지침'을 발표했다. 당시 추가지침에는 ""새 정부 국정과제 이행에 필요한 재정여력 확보를 위해 예산 요구 단계부터 강도 높은 재정혁신을 추진한다""며 ""모든 재량지출 사업을 '원점(Zero-base)'에서 재검토하고 최소 10% 의무적으로 구조조정을 요구할 것""이라고 발표했다.
이번에도 조기 대선이 확정될 경우 정부의 재정 기조가 바뀔 수 있다. 그만큼 새 재정 기조를 반영해 예산지침을 다시 짜야할 수 있다.
'2026년도 예산안 편성지침'이 눈길을 끄는 것은 윤석열 정부의 재정 기조인 '건전재정' 문구가 빠진 점이다. 윤석열 정부 출범 이후 발표된 두 차례 예산안 지침에는 ‘엄격한 재정총량 관리로 내년에도 일관되게 건전재정 기조 견지’(2024년도), ‘건전재정 기조 확립으로 미래세대 부담 최소화’(2025년도) 등 '건전재정'이라는 문구가 빠짐없이 들어갔다.
하지만 이번에는 '건전재정' 빠지고 '재정의 지속가능성'이라는 문구가 등장했다. 기재부 관계자는 ""건전재정은 단기적 시계에서 재정을 관리한다는 느낌을 준다""며 ""중장기적으로 재정을 관리하자는 철학을 담기 위해 '재정의 지속가능성'으로 표현을 바꿨다""고 말했다. 최상목 부총리 겸 기획재정부 장관도 지난해 하반기부터 '재정의 지속가능성 제고'를 강조해왔다.
표현은 물론 구체적인 씀씀이 구조조정 계획도 제시했다. 임의로 줄일 수 없는 의무지출에 대한 구조조정 계획을 밝힌 것이다. 의무지출은 국민연금과 공무원연금 사학연금 군인연금 등 4대 공적연금과 건강보험, 지방교부세, 지방교육재정교부금 등 법에 지급 의무가 명시된 지출을 의미한다.
기재부는 인구구조를 비롯한 여건 변화, 효과성, 전달체계 중복성 등을 고려해 의무지출 구조조정에 나설 방침이다. 각 부처 등이 의무지출 예산을 편성할 때 효율화 방안도 담도록 요구한다. 구체적 구조조정 대상인 의무지출에 대해서는 언급하지 않았다. 하지만 줄어드는 인구를 반영해 아동수당과 지방교육재정교부금 등의 효율화에 나설 것이라는 관측이 많다."
13,"원화가 최근 중국 위안화에 다시 강하게 연동되고 있다는 한국은행 분석이 나왔다. 미국의 관세정책으로 나타난 글로벌 무역 충격을 원화와 위안화가 동시에 받은 영향으로 파악됐다. 해외 투자자가 원화를 위안화의 대리(프록시) 통화로 여기는 구조적 문제도 동조화를 부추기는 요인으로 거론됐다.
16일 한은 국제국이 내놓은 ‘최근 원화와 위안화의 동조화 배경 및 특징’ 보고서에 따르면 원화는 기축통화를 제외한 33개국 통화 중 위안화와 가장 많이 동조되는 통화인 것으로 분석됐다. 원화의 동조화계수는 0.31로 칠레(0.22), 말레이시아(0.21), 호주(0.19) 등에 비해 크게 높았다. 원화는 가치가 하락하는 절하 국면에서 주로 위안화와의 동조화가 강화되고, 절상 국면에서 동조화가 약화하는 것으로 나타났다. 원화가 절하되는 상황에선 위안화가 1% 변동할 때 원화가 0.66% 변동했고, 절상 국면에서는 유의미한 관계가 확인되지 않았다.
원화가 위안화와 같은 방향으로 움직이는 것은 한국의 중국 경제 의존도가 높기 때문이다. 한국은 수출입 거래액의 약 20%가 중국과의 거래다. 중국 외환시장이 폐쇄적이라는 특성도 동조화 요인으로 거론된다. 위안화에 접근하기 어려운 투자자 중 일부가 중국에 투자하면서 원화로 환헤지하고 있어서다. 외환시장 관계자는 “글로벌 투자업계에선 원화를 위안화의 대리 통화로 여기는 투자자가 꽤 많다”고 말했다.
한은에 따르면 코로나19 시기 대중국 수출입 비중이 감소하면서 두 통화의 동조화 경향은 다소 약해지는 모습을 보였지만 지난해 10월부터 다시 강해졌다. 미국 도널드 트럼프 2기 행정부 출범 이후 보호무역주의 강화 움직임이 한·중 경제에 모두 부정적인 영향을 미칠 것으로 예상되면서 양국 통화가치가 함께 절하됐기 때문으로 분석됐다.
한은 관계자는 “한국과 중국의 대미국 수출 비중은 각각 18.7%, 14.6%로 높은 편”이라며 “미국의 보호무역 조치 강화 및 무역정책 불확실성 등이 원화와 위안화에 동시에 영향을 주면서 동조화 경향을 높인 것”이라고 설명했다. 그러면서 “당분간 위안화 향방에 따라 원화가 영향을 받을 가능성이 있다”며 “위안화 추이를 주시할 필요가 있다”고 덧붙였다. 이날 외환시장에선 원화와 위안화의 동조화 흐름은 나타나지 않았다. 원·달러 환율(오후 3시30분 기준)은 5원80전 하락한 1363원80전에 주간 거래를 마쳤다.
지난 13일 이스라엘의 이란 공습 소식이 전해진 후 안전자산 선호를 반영해 급등한 환율이 이날 기술적 반락한 것으로 시장에선 평가하고 있다. 위안화는 오전 중 중국 인민은행이 위안·달러 환율을 전날보다 0.0017위안(0.02%) 상승(위안화 가치는 하락)한 달러당 7.1789위안에 고시한 후 큰 변동이 없었다."
14,"게티이미지뱅크
해외여행을 떠나려는 개인부터, 수출입 대금을 결제해야 하는 중소업체 사장님까지 지금 환율 비교를 어떻게 하고 계신가요? 일일이 은행을 찾아보며 ‘어디가 통화 가격을 좋게 쳐주나’ 비교하고 계시진 않나요?
올 하반기부턴 그럴 필요 없습니다. 여러 은행의 환율을 모아 한꺼번에 비교해주고 거래 체결까지 해주는, ‘대(對)고객외국환중개업’이 우리나라도 허용되면서 외환중개 인프라 자체가 새롭게 바뀔 것이기 때문입니다.
중소기업 환율 가격비교 길 열린다
대한민국 전자관보
지난 29일 정부 관보에 기획재정부 입법예고안이 하나 올라왔습니다. 제목은 ‘외국환거래법 시행령 일부개정령안 입법예고’. 금융회사와 비(非)금융회사 사이의 외환거래 중개를 담당하는 대고객 외환중개 업체 설립 허가를 골자로 하는 내용입니다.
대고객 외환중개업체는 우리나라에 기존에 없던 개념의 회사입니다. 기존 외환중개는 한국은행이나 금융기관 사이에서 일반 외국환중개회사를 매개로 이뤄지곤 했습니다. 하지만 대고객 외환중개업체는 말 그대로 다른 ‘고객’을 대상으로 외환거래를 중개합니다. 고객이란 개인이 될 수도 있고, 일반 회사도 될 수 있습니다. 주기적으로 해외에 송금할 일이 있거나, 미국 회사에 물건을 수출하고 대금을 달러로 받아야 하는 사람 등등 비(非)금융권 모두가 고객이 될 수 있습니다.
대고객 외환중개업체가 생기면 수요자들은 그 회사가 여러 은행에서 모아 온 환율을 한 번에 조회할 수 있습니다. 마음에 드는 호가를 찾으면 다시 은행과 접촉할 필요 없이 업체 플랫폼에서 바로 체결도 가능합니다.
대기업들은 통상 주거래은행에서 우대금리를 받아가며 외환거래를 하죠. 하지만 그런 네트워크가 있는 기업이 아니고서야 환율 호가를 매번 비교해가며 계약을 체결하기란 한계가 있습니다. 어쩔 수 없이 제한된 호가로 외환거래를 해왔죠.
하지만 대고객 외환중개업체가 들어오면 이야기가 달라집니다. 자유경쟁이 시작되기 때문입니다. 정부에서도 금융기관끼리 자유경쟁을 시켜서 소비자들이 최대한 좋은 가격을 받게 하자는 취지에서 이번 입법예고를 띄웠습니다.
자유경쟁으로 소비자가 좋은 호가 받게하는 것이 핵심
게티이미지뱅크
그렇다면 어떤 회사가 대고객 외환중개업체가 될 수 있을까요? 실시간 환율 비교가 가능한 망도 있어야 할 것이고, 은행과의 네트워크도 필요할 것이며, 고객보호를 위해 어느정도 재정 상황도 안정돼야겠죠.
해외에서는 대고객 외환중개업이 ‘어그리게이터(aggregator)’ 라는 말로 일반화돼있습니다. 블룸버그, 로이터, 360t(독일계) 등이 대표적으로 어그리게이터 업을 하고 있는 회사들입니다.
우리나라는 과거 외환위기를 겪은 경험이 있고, 환율에 민감한 나라인 만큼 그동한 외환중개 시장 개방에 대해 보수적이었습니다. 하지만 중개 인프라 선진화 차원에서 이번에 법 개정이 이뤄지게 됐습니다.
입법예고안에 따르면 대고객 외환중개업은 인가제로 진행됩니다. 하고 싶다고 아무나 다 할 수 있는 업은 아니라는 뜻입니다. 기본적으로 기재부가 대고객 외환중개업을 하고 싶은 회사의 자본, 시설, 인력 등을 검토한 뒤 자격을 부여하게 됩니다.
만약 블룸버그와 같은 글로벌 네트워크를 가진 기업이 우리나라 대고객 외환중개업 시장에 진출한다면 ‘블룸버그어그리게이터코리아’(가명) 등을 세울 수 있겠죠. 이 회사를 통해 해외 기업, 투자자에게 국내 은행의 원·해외 통화 가격을 제시하는 겁니다. 국내 은행 입장에서도 해외로 고객층을 넓힐 기회가 될 수 있습니다.
어그리게이터의 사업 모델은 구독료를 받거나, 환율 호가를 비교해주고 계약을 체결할 때마다 수수료를 받을 수도 있습니다. 아무래도 사용료를 내고 서비스를 이용하다 보니 너무 작은 규모를 환전하는 개인보다는, 중소기업 등 사업체가 수혜를 볼 것으로 기대됩니다.
해당 개정안에 대해 의견이 있는 단체 혹은 개인은 오는 7월 8일까지 통합입법예고시스템을 통해 의견을 제출할 수 있습니다. 법은 오는 9월 19일 시행됩니다."
15,"사진=연합뉴스
원·달러 환율이 1369원에 거래를 시작했다. 약 7개월 만에 가장 낮은 수준이다.
26일 서울 외환시장에서 원·달러 환율은 전 거래일 주간거래종가(1375.6원) 대비 6.6원 내린 1369원에 개장했다. 개장 기준 지난해 10월 17일(1364.5원) 이후 약 7개월 만에 가장 낮은 수치를 기록했다. 오전 9시45분 현재 환율은 1369.8원을 가리키고 있다.
환율은 지난주 크게 떨어졌다. 달러 대비 원화 가치는 지난 23일 야간거래종가를 기준으로 한 주 새 2.45% 올라 절상폭이 주요국 중 두 번째로 컸다. 원화보다 더 절상된 통화는 스웨덴 크로나(2.51%) 뿐이다.
관세 불확실성에 약달러 흐름이 당분간 이어질 것으로 예상된다. 위재현 NH선물 이코노미스트는 ""직전 거래일 미국의 EU 관세 부과 소식에 달러가 약세를 보였다""며 ""도널드 트럼프 미국 대통령은 EU와 협상 기간은 7월 9일로 연기한다고 밝혔다. 되돌림이 이어질 수 있지만, 최근 외환시장에 만연한 약달러 심리에 반등 여력이 제한될 수 있다""고 짚었다.
이어 ""최근 달러화는 채권·주식 시장과 괴리됐음에도 약달러 심리가 여전하다""며 ""특히 원·달러 시장의 경우 국내 수급이 끝난 오후 3시 45분~4시 사이 외국계 은행과 대형 기관들의 포지션 조정에 따라 환율 하방 변동성이 확대되는 모습""이라고 설명했다.
박상현 iM증권 연구원은 ""트럼프 대통령의 감세안이 하원을 통과하면서 감세안을 둘러싼 불확실성 해소됐다. 미국 국채 금리 안정화 여부가 달러화 움직임의 주요 변수""라며 ""미국 국채 금리와 더불어 초장기물을 중심으로 급등세가 이어지고 있는 일본 국채 금리의 추이도 주목해야 한다""고 말했다.
박 연구원은 이번 주 개최되는 한국은행 금융통화위원회에서 기준금리가 인하될 것으로 봤다. 다만 금리 인하가 원·달러 환율에 미치는 영향은 제한적일 것으로 예상됐다.
그는 ""엔화 추가 강세와 더불어 각종 관세 협상 뉴스 흐름이 원·달러 환율에 더욱 큰 영향을 미칠 것""이라며 ""이번 주 원·달러 환율 밴드는 1340~1400원으로 전망한다""고 말했다."
16,"미국의 과도한 정부 부채에 대한 우려와 미국이 한국에 원화 가치 절상을 요구할 것이란 관측이 함께 확산하면서 원·달러 환율이 사흘 연속 하락했다. 전문가들은 시장 변동성이 높아지는 가운데 당분간 환율 하락 추세가 지속될 것으로 내다봤다.
22일 서울 외환시장에서 원·달러 환율은 5원90전 내린 1381원30전에 주간 거래를 마감했다. 주간 거래 종가 기준으로 지난해 11월 5일(1378원60전) 이후 약 6개월 만에 가장 낮은 수준이다.
원화는 지난 주말 미국의 국가 신용등급 강등 소식이 전해진 후 이번주 들어 강세 기조가 나타나고 있다. 특히 전날 미국의 20년 만기 국채 입찰에서 해외 투자 수요가 급감한 것으로 나타나자 이날 아시아 주요국 통화들이 동반 강세를 보였다. 원화는 한·미 통상 협상에서 미국이 원화 절상을 요구하고 있다는 소식이 더해지며 하락 폭을 키웠다. 원·달러 환율은 전날 야간 거래에서 장중 한때 1368원90전을 찍기도 했다.
다만 간밤에 이뤄진 미·일 간 환율 협상 결과로 방향을 바꿨다. 스콧 베선트 미국 재무장관은 21일(현지시간) 캐나다 밴프에서 가토 가쓰노부 일본 재무상과 양자 협상을 한 후 “환율은 시장이 정해야 한다”는 내용의 성명을 발표했다. 엔화 강세 또는 약세 등 방향성은 거론하지 않았다.
위재현 NH선물 이코노미스트는 “아시아 통화는 현재 인위적인 달러 매도 개입을 통한 절상 압박을 가격에 반영하고 있다”며 “다만 미국 입장은 절상 압박이 아니라 아시아 통화의 인위적 절하 방지일 가능성이 크다”고 분석했다. 미국 정부의 원화 약세 요구 우려가 시장에 과도하게 반영돼 있다는 의미다.
주요 6개국 통화 대비 달러 가치를 나타내는 달러인덱스는 전날 100선 밑으로 떨어진 뒤 이날 오후 3시30분 기준 99.57에 머무르고 있다. 달러 대비 엔화 환율은 143엔대, 위안화 환율은 7.2위안대에서 움직였다. 모두 전날보다 소폭 하락한 수준이다.
전문가들은 당분간 환율 변동성이 높아질 것으로 예측하면서도 원·달러 환율 수준이 하향 안정될 가능성이 크다고 보고 있다. 민경원 우리은행 이코노미스트는 “글로벌 약달러와 환율 협상 경계심에 원·달러 환율이 1370원대 진입을 시도하고 있다”고 평가했다. 박수연 메리츠증권 애널리스트는 “올 3분기 환율은 1360~1460원 박스권이 예상된다”고 전망했다."
17,"사진=게티이미지뱅크
부모나 친인척 등이 소유한 회사로부터 일감을 받아 이익을 낸 기업·개인은 이달 말까지 증여세를 신고·납부해야 한다. 이들 기업·개인이 이달 말까지 자진 신고할 경우 산출세액의 3%를 공제받는다. 하지만 신고기한까지 신고 납부하지 않을 경우 20%에 달하는 가산세와 납부지연가산세(1일 0.022%)를 물어야 한다.
일감 몰아주기로 영업익 올린 기업 대상
14일 국세청에 따르면 올해 일감몰아주기·일감떼어주기 증여세를 신고·납부해야 할 것으로 예상되는 대상자 2501명과 수혜법인 2202개사에 신고 안내문을 발송했다. 이들 대상자는 오는 이달 30일까지 증여세를 신고·납부해야 한다. 이번 신고·납부 대상은 12월 결산법인 주주다. 3·6·9월 결산법인의 신고·납부 시점은 각 법인세 신고 기한 말일부터 3개월 되는 달이다.
일감 몰아주기 증여세는 A회사(일감을 주는 법인)의 지배주주 친족이 운영하는 B회사(일감을 받는 법인)에 일감을 몰아줘 지배주주 본인과 자녀를 비롯한 친족이 얻게 된 간접이익을 증여로 간주해 과세하는 것이다. 지배주주 친족의 범위는 지배주주의 배우자와 4촌 이내 혈족, 3촌 이내 인척 등을 뜻한다.
일감 몰아주기 과세 요건은 세 가지다. 일감 몰아주기로 혜택을 받은 법인(수혜법인)은 세후영업이익이 있어야 한다. 수혜법인(대기업)의 사업연도 매출에서 특수관계법인 관련 매출 비중이 30%를 초과하는 경우다. 다만 중견기업은 매출 40%, 중소기업은 매출 50%를 과세 대상이 된다. 특수관계법인에 대한 매출이 1000억원을 초과하면 20%를 기준으로 삼는다. 여기에 수혜법인의 지배주주·친족의 직·간접 보유지분이 각각 3%(중소·중견기업은 10%)를 초과하면 일감 몰아주기 증여세 신고 대상이다.
일감 몰아주기 증여세는 증여받은 것으로 간주하는 ‘증여의제이익’에 세율을 곱해 산출한다. 이 같은 증여의제이익은 기업의 세후 영업이익에 특수관계법인 거래 비율과 지배주주의 주식보유비율을 곱해서 산정한다. 대기업은 특수관계법인 거래 비율에서 5%(중견기업은 20%, 중소기업은 50%)를, 주식보유비율에서 0%(중견기업은 5%, 중소기업 10%)를 제하고 계산한다. 중소기업의 경우 ‘세후영업이익×(특수관계법인 거래 비율-50%)×(주식보유비율-10%)’을 통해 산출한다. 예컨대 세후영업이익이 60억원이고, 특수관계법인 거래 비율 62.5%, 주식보유비율이 20%이라면 증여의제이익은 7500만원(60억원×12.5%×10%)이다.
신고대상자에 모바일·우편 안내문 발송
일감 떼어주기 증여세는 기업이 거래하는 제3자의 거래처나 거래 계약, 거래 품목을 특수관계법인에 넘길 때 해당한다. 예컨대 A회사가 평소 하던 사업 기회를 임대차·입점·대리점 계약 등의 약정으로 A회사 지배주주 가족이 운영하는 B회사에 넘기는 것이다.
일감 떼어주기의 과세 대상은 수혜법인이 지배주주와 특수관계에 있는 법인으로부터 사업 기회를 받고 그 사업 기회를 통해 영업이익을 올린 경우다. 여기에 수혜법인의 지배주주와 그 친족의 주식보유비율 합계가 30% 이상인 경우다. 하지만 특수관계법인이 중소기업이거나 수혜법인으로부터 50% 이상 출자받은 경우는 제외한다.
국세청은 신고·납부 대상자와 법인에 모바일 및 우편 안내문을 발송했다. 제 때 신고할 경우 산출세액의 3%를 공제받지만 신고 기한을 넘길 경우에는 20%의 가산세 등을 물어야 하는 만큼 신고 여부를 꼼꼼하게 확인해야 한다. 국세청은 납세자가 실수로 신고를 누락하는 것을 막기 위해 각 세무서에 일감몰아주기·일감떼어주기 신고안내 및 상담 전담 직원을 지정하고 있다.
국세청 관계자는 “신고 대상자이지만 안내문을 받지 못한 경우도 있을 수 있다”며 “세무서와 국세청 홈페이지에 게시된 신고 안내 책자를 바탕으로 신고해달라”고 요청했다.
김익환 기자"
18,"국세청은 매년 5월 종합소득세 신고 시즌을 맞아 전국의 고소득 자영업자에게 ‘성실신고 확인제도’를 안내한다. 신고 대상자는 이달 말까지 세무 대리인을 통해 종합소득세가 적정한지 여부를 신고해야 한다.
◇세무조사 위험 낮춘다
8일 국세청에 따르면 성실신고 확인제도는 일정 규모 이상의 개인사업자가 세금 신고를 할 때 세무 대리인(세무사, 공인회계사 등)을 거쳐 종합소득세 신고 내용이 적정한지를 한 번 더 점검받도록 하는 제도다. 이 확인서를 종합소득세 신고서와 함께 제출해야 신고가 완료된다. 세무 대리인은 세금 계산이 정확했는지, 누락된 수입은 없는지, 비용을 과다하게 계산하지 않았는지 등을 확인해야 한다.
국세청은 고소득 자영업자의 소득 탈루를 막기 위해 제도를 도입했다. 사업소득은 근로소득과 달리 원천징수제도가 없기 때문에 탈루 가능성이 상대적으로 크다. 세무 대리인 역할을 빌려 신고의 정확성을 높이는 취지로 성실신고 확인제도가 도입된 것이다. 국세청 관계자는 “고소득 자영업자의 소득 탈루를 방지하기 위해 만든 일종의 ‘간접 세무조사 장치’”라고 설명했다.
2011년 성실신고 확인제도 시행 초기에는 일부 업종만이 대상이었다. 지금은 도소매·제조·건설·서비스업 전반으로 확대됐다. 신고 기준은 업종별로 다르다. 연간 수입금액이 도소매업은 15억원 이상, 제조업과 건설업은 7억5000만원 이상, 서비스업은 5억원 이상이면 신고 대상자다. 대상 여부는 국세청 홈택스나 세무 대리인을 통해 확인할 수 있다.
◇성실신고 유도하는 인센티브도 마련
성실신고 확인제도는 일반 납세자보다 신고 기한이 한 달 더 주어진다. 일반 종합소득세 신고 기한은 5월 31일이지만 성실신고 확인 대상자는 6월 30일까지다. 예를 들어 2024년 귀속 소득에 대한 신고는 올해 6월 30일까지 해야 한다. 6월 30일이 공휴일이면 그다음 평일인 7월 1일까지로 자동 연장된다.
기한 내 확인서를 제출하지 않으면 불이익도 따른다. 가장 대표적인 것이 ‘미제출 가산세’다. 산출세액의 5% 또는 수입금액의 0.02% 중 큰 금액이 부과된다. 예컨대 종합소득세가 1억원이면 최대 500만원의 가산세가 붙을 수 있다. 신고서를 누락하면 세무조사를 받을 가능성도 커진다.
세무 대리인은 신고서의 ‘두 번째 눈’ 역할을 맡는다. 단순히 수치를 대입하는 것이 아니라 실제 매출이 누락되진 않았는지, 경비로 처리된 비용이 과도하진 않은지를 전문가 시각에서 판단해 ‘성실신고 확인서’를 작성한다.
예를 들어 카드 매출과 현금영수증 발행 비율, 감가상각 처리, 인건비 지급내역 등을 세세히 들여다보게 된다. 이 과정에서 과도한 비용 처리나 누락된 수입이 있다면 납세자가 먼저 내역을 수정할 수 있다. 국세청 입장에선 향후 세무조사 대상자를 줄일 수 있다.
성실신고 확인을 유도하는 인센티브도 있다. 의료비·교육비·월세 세액공제를 받을 수 있다. 성실신고 확인에 직접 사용한 비용은 필요경비로 인정한다. 비용의 60%를 사업소득에 대한 소득세에서 세액공제를 받을 수 있다.
성실신고 확인제도는 사업 신뢰도도 높여준다. 금융기관, 정부 기관, 대기업 등이 협력 업체나 프리랜서와 계약을 맺을 때 성실신고 확인서를 요구하는 사례가 있어서다. 기술서비스업·컨설팅업 등에선 이 확인서가 일종의 ‘세무 신용서’로 통용된다고 세무당국은 강조했다. 국세청 관계자는 “성실신고 확인서를 제출하면 납세자도 안심하고 사업에 전념할 수 있고, 세무 행정 측면에서도 행정력을 절감할 수 있다”고 설명했다."
19,"사진=게티이미지뱅크
국세청은 매년 5월 종합소득세 신고 시즌을 맞아 전국의 고소득 자영업자들에게 ‘성실신고 확인제도’를 안내한다. 신고 대상자는 이번 달 말까지 세무 대리인을 통해 종합소득세가 적정한 지 여부를 신고해야 한다.
세무조사 위험 낮춘다
7일 국세청에 따르면 성실신고 확인제도는 일정 규모 이상의 개인사업자가 세금 신고를 할 때 세무 대리인(세무사, 공인회계사 등)을 통해 종합소득세 신고 내용이 적정한지를 한 번 더 점검받도록 하는 제도다. 이 확인서를 종합소득세 신고서와 함께 제출해야 신고가 완료된다. 세무 대리인은 세금 계산이 정확했는지, 누락된 수입은 없는지, 비용을 과다하게 계산하지 않았는지 등을 확인해야 한다.
국세청은 고소득 자영업자의 소득 탈루를 막기 위해 제도를 도입했다. 사업소득은 근로소득과 달리 원천징수 제도가 없기 때문에 탈루 가능성이 상대적으로 높다. 세무 대리인의 역할을 빌려 신고의 정확성을 높이는 취지로 성실신고 확인제도가 도입된 것이다. 국세청 관계자는 “고소득 자영업자의 소득 탈루를 방지하기 위해 만든 일종의 ‘간접 세무조사 장치’”라고 설명했다.
2011년 성실신고 확인제도 시행 초기에는 일부 업종만이 대상이었다. 지금은 도소매업·제조업·건설업·서비스업 전반으로 확대됐다. 신고 기준은 업종별로 다르다. 연간 수입금액이 도소매업은 15억원 이상, 제조업과 건설업은 7억5000만원 이상, 서비스업은 5억원 이상이면 신고 대상자다. 대상 여부는 국세청 홈택스나 세무 대리인을 통해 확인할 수 있다.
성실신고 유도하는 인센티브도 마련
성실신고 확인제도는 일반 납세자보다 신고 기한이 한 달 더 주어진다. 일반 종합소득세 신고 기한은 5월 31일이지만, 성실신고 확인 대상자는 6월 30일까지다. 예를 들어 2024년 귀속 소득에 대한 신고는 2025년 6월 30일까지 해야 한다. 만약 6월 30일이 공휴일이면, 그다음 평일인 7월 1일까지로 자동 연장된다.
기한 내 확인서를 제출하지 않으면 불이익도 따른다. 가장 대표적인 것이 ‘미제출 가산세’다. 산출세액의 5% 또는 수입금액의 0.02% 중 큰 금액이 부과된다. 예컨대 종합소득세가 1억원이면 최대 500만원의 가산세가 붙을 수 있다. 신고서를 누락하면 세무조사 가능성도 커진다.
세무 대리인은 신고서의 ‘두 번째 눈’ 역할을 맡는다. 단순히 수치를 대입하는 것이 아니라, 실제 매출이 누락되진 않았는지, 경비로 처리된 비용이 과도하지는 않은지를 전문가 시각에서 판단해 ‘성실신고 확인서’를 작성한다.
예를 들어 카드 매출과 현금영수증 발행 비율, 감가상각 처리, 인건비 지급내역 등을 세세히 들여다보게 된다. 이 과정에서 과도한 비용처리나 누락된 수입이 있다면 납세자가 먼저 내역을 수정할 수 있다. 국세청 입장에선 향후 세무조사 대상자를 줄일 수 있다.
성실신고 확인을 유도하는 인센티브도 있다. 의료비·교육비·월세 세액공제를 받을 수 있다. 성실신고 확인에 직접 사용한 비용에 대해 필요경비를 인정한다. 비용의 60%를 사업소득에 대한 소득세에서 세액 공제를 받을 수 있다.
성실신고 확인제도는 사업에 대한 신뢰도도 높여준다. 금융기관, 정부 기관, 대기업 등이 협력 업체나 프리랜서와 계약을 체결할 때 성실신고 확인서를 요구하는 사례가 있어서다. 기술서비스업, 컨설팅업 등에선 이 확인서가 일종의 ‘세무 신용서’로 통용된다고 세무 당국은 강조했다. 국세청 관계자는 “성실신고 확인서를 제출하면 납세자도 안심하고 사업에 전념할 수 있고, 세무 행정 측면에서도 행정력을 절감할 수 있다”고 설명했다."
20,"6월은 해외 보유 자산을 신고하는 달이다. 한국에 주소를 둔 거주자나 국내 지점이 있는 내국법인은 해외금융계좌의 금융자산을 신고해야 한다. 모든 계좌의 합산 금액이 5억원을 넘으면 신고 대상이다. 현금, 주식뿐 아니라 코인도 보고해야 한다.
Getty Images Bank
◇총 5억원 넘는 해외 자산 신고해야
1일 국세청에 따르면 지난해 12월 31일 기준 거주자 및 내국법인은 해외 금융회사에 개설한 모든 해외금융계좌 내 현금, 주식, 채권, 집합투자증권(펀드), 보험, 파생상품, 가상자산 등을 이달 30일까지 신고해야 한다. 해외 금융회사는 국외에 있는 금융회사, 가상자산사업자 등을 말한다. 한국 은행, 증권회사, 가상자산거래소의 해외 지점은 포함되지만 외국 금융회사가 설립한 국내 지점은 대상이 아니다.
거주자란 국내에 주소를 두거나 국내에서 183일 이상 거주한 개인을 말한다. 내국법인은 국내에 본점, 주사무소 또는 사업의 실질적 관리장소를 둔 법인이다. 이때 내국법인의 해외지점도 내국법인의 일부로 보기 때문에 해외지점 계좌를 신고해야 한다. 거주자와 내국법인이 보유한 해외금융계좌 잔액이 2024년 매월 말일 중 어느 하루라도 5억원을 넘겼다면 신고 대상이 된다.
◇해외금융계좌 잔액 총 64조9000억원
A계좌(예금), B계좌(가상자산), C계좌(보험), D계좌(채권)를 보유한 거주자를 가정해 보자. 원래 해당 계좌엔 1억원씩 잔액이 있어 지난해 1~4월까지 총잔액은 4억원이었다. 그런데 5월 31일 가상자산 잔액이 1억원 더 늘어 A계좌 1억원, B계좌 2억원, C계좌 1억원, D계좌 1억원으로 총 5억원이 됐다면 모든 계좌가 신고 대상이 된다. 9월 들어 C계좌나 D계좌를 해지했다고 하더라도 매월 말일 중 하루라도 5억원을 넘겼기 때문에 A~D계좌 모두 이번달 신고해야 한다.
미국 프랑스 일본 등 주요 선진국은 해외로 유출된 자본을 회수하고 해외 탈루 세원을 회복하겠다는 취지로 해외금융계좌 등의 신고 제도를 시행하고 있다. 한국도 동일한 취지로 2011년 해외금융계좌 신고 제도를 도입했다. 2019년 신고 기준금액이 10억원에서 5억원으로 낮아졌다. 2023년부터는 가상자산계좌도 신고 대상에 포함했다.
지난해 기준 해외금융계좌 잔액은 총 64조9000억원에 달했다. 이 중 주식이 23조6000억원으로 가장 많았고, 예·적금(20조6000억원), 가상자산(10조4000억원) 등이 뒤를 이었다. 국세청은 올해 5억원 초과 해외금융계좌를 보유할 가능성이 있는 납세자가 1만4000명에 이르는 것으로 보고 이들에게 모바일과 우편으로 신고 안내문을 발송했다.
◇국제기관 근무자도 신고 의무 면제
신고 의무 면제자도 있다. 해외금융계좌를 보유한 거주자나 내국법인이라고 하더라도 외국인 거주자와 재외국민으로 분류되는 때는 신고 의무가 없다. 올해 기준 외국인 거주자는 신고 대상 연도(2025년) 종료일 10년 전인 2015년 1월 1일부터 2024년 12월 31일까지 국내에 주소를 두고 산 기간이 5년 이하인 사람이다. 재외국민은 해외에 거주 중인 한국 국적자로 신고 대상 연도 종료일 1년 전인 2024년 1월 1일부터 2024년 12월 31일까지 국내에 거주한 기간이 183일 이하여야 한다. 미국 영주권자는 기본적으로 한국 거주자에 해당하면 신고 의무가 있다.
국제기관 근무자도 신고 의무 면제자다. 외국 정부, 국제연합, 한국과 다른 국가 간 국제적 합의로 설립된 기관에 근무하는 사람 중에서 대한민국 국민이 아니고, 소득세법에 따라 비과세를 적용받는 사람이라면 해외금융계좌를 신고할 필요가 없다."
21,"2026년도 적용 최저임금을 두고 노사 양측이 최초 제시안을 내놨다.
19일 정부세종청사에서 열린 제6차 전원회의에서 노동계는 지난해보다 14.7% 오른 1만1500원을, 사측은 동결된 1만 30원을 제시했다.
최저임금 업종별 차등 적용도 무산됐다. 내년에도 최저임금이 업종별 구분 없이 단일하게 적용된다.
양측은 최초 제시안 제출 직전에 최저임금위원회는 내년 최저임금을 업종별로 달리 적용할지를 놓고 근로자·사용자·공익위원 총 27명이 표결을 벌였다. 그 결과 반대 15표, 찬성 11표, 무효 1표로 부결됐다.
앞서 경영계는 최저임금의 업종별 구분(차등) 적용을 도입해 음식·숙박업 등 취약 업종에 대해서는 최저임금을 낮게 설정해 임금 부담을 줄여줘야 한다고 주장했다.
노동계는 이 같은 구분 적용은 ""최저임금제도 취지와 목적에 반하는 차별 적용""이라며 강력히 반대했다."
22,"사진=뉴스1
공무원 단체가 내년도 임금 6.6% 인상을 요구하고 나섰다. 대한민국공무원노동조합총연맹은 19일 용산 대통령실 앞에서 기자회견을 열고, 전국공무원노조·전교조 등과 함께 ‘공무원·교원 생존권 쟁취 공동투쟁위원회’(공투위) 차원에서 공동 투쟁에 나섰다.
공노총은 2026년 공무원 임금 결정을 위한 공무원보수위원회에 △기본급 6.6% 인상 △정액급식비 월 3만원 인상 △6급 이하 직급보조비 3만5000원 인상 △초과근무수당 단가를 기준호봉액의 60%로 조정 △정근수당·명절휴가비 10% 인상 등을 요구했다.
6.6% 인상안은 경제성장률 전망치(1.6%)와 소비자물가 상승률(1.8%)을 합한 3.4%에, 민간 대비 낮은 임금 수준(83.9%)을 향후 5년간 100%로 끌어올리기 위한 연 3.2% 추가 인상을 반영한 것이다. 실제로 공무원 임금은 2023년 기준 100인 이상 민간사업장 대비 83.1% 수준으로, 격차가 역대 최대를 기록 중이라는게 노조 측의 설명이다.
공노총은 “OECD 평균 정부총지출 대비 공무원 인건비 비중이 10.7%인데, 우리나라는 2018년 8.3%에서 2025년 6.9%까지 줄어들었다”며 “공직사회가 무너지는 것을 막기 위한 최소한의 요구”라고 강조했다.
특히 정액급식비가 현재 1인당 하루 6360원에 불과해, 최근 4%까지 치솟은 가공식품 물가를 감안하면 현실성이 떨어진다고 주장했다.
한국행정연구원 공직생활실태조사에 따르면 재직 5년 이하 공무원의 72%, 6~10년 공무원의 75%가 낮은 보수를 이직 이유로 꼽았다. 공노총은 “정부가 저년차 공무원 임금을 올릴 경우 인건비 불용액이 아니라 별도 예산을 확보해야 한다”고 밝혔다.
공투위는 이번 기자회견에 전국 110개 단위노조가 동시 참여했으며, 이후 공무원보수위 일정에 맞춰 릴레이 집회를 이어간다는 방침이다."
23,"부당해고·부당노동행위 등을 심리하는 중앙노동위원회의 재심 판정이 법원에서 그대로 유지되는 ‘유지율’이 갈수록 높아지고 있다.
중노위가 18일 발표한 ‘법원은 노동위원회 판정을 어떻게 보았나’ 보도자료에 따르면 중노위 판정에 불복해 제기된 행정소송 가운데 지난해 법원에서 종결된 사건은 544건이다. 이 중 중노위가 패소한 사건은 68건으로 패소율이 12.5%에 불과했다. 올해 들어 4월까지 패소율은 11.1%로 더 떨어졌다. 2021년 16.1%에서 5.0%포인트 하락했다.
지난해 중노위가 패소한 68건 중 16건(23.5%)은 법원에서도 1, 2, 3심 간 판단이 엇갈렸다. 그만큼 고용노동 분쟁이 복잡하고 다양해졌기 때문이라고 중노위는 분석했다.
중노위 패소율이 떨어지면서 노동법원 설립 필요성과 관련해 의문도 제기된다. 이재명 대통령은 공약집에서 노동 분쟁을 전담할 노동전문법원 설립을 약속했다. 윤석열 정부도 노동법원 설립을 추진했다. ‘노동위(지방·중앙)→법원 3심’으로 이어지는 절차가 사실상 5심제라 비효율적이라는 이유에서다. 하지만 중노위에 따르면 지난해 고용노동 분쟁 1만7984건 중 96.8%가 노동위 차원에서 마무리됐다. 오히려 노동 사건이 노동법원으로 이관되면 소송이 폭증하는 등 부작용이 클 것이라는 게 노동계의 우려다."
24,"국내 최대 전자상거래 업체인 쿠팡에 계열사 전 직원이 가입할 수 있는 통합 노동조합이 설립됐다. 쿠팡(계열사 포함)에 설립되는 다섯 번째 전국민주노동조합총연맹 계열 노조다.
민주노총 전국화학섬유식품산업노동조합은 17일 쿠팡 지회인 ‘쿠니언’을 출범했다고 밝혔다. 쿠니언은 창립선언문에서 “고객 우선과 회사 성장의 명분 아래 더는 직원들의 희생이 당연시돼선 안 된다”며 “이제 인간으로서의 존엄과 가치를 존중받고 노동자로서의 정당한 권리를 추구하려고 한다”고 밝혔다. 쿠니언은 이날 사측에 포괄임금제 폐지, 성과급 및 인센티브 기준의 투명한 공개, 고과 강제 할당제 폐지, 고용 안정 등을 핵심 요구 사항으로 제시했다. 쿠니언은 또 “회사가 성과 평가를 명분으로 최하위 등급 비율을 강제하고 이를 바탕으로 권고사직을 종용하며 고용 불안을 조장해왔다”고 주장했다.
쿠팡엔 물류 자회사인 쿠팡풀필먼트서비스와 배송 자회사인 쿠팡로지스틱스서비스에 각각 민주노총 공공운수노조, 서비스연맹 소속 지부가 활동하고 있다. 음식배달업체 쿠팡이츠에도 공공운수노조와 서비스연맹 소속 지부 두 곳이 운영되고 있다. 노동계 관계자는 “제조업과 달리 플랫폼 일용직 근로자 위주여서 조직률은 높지 않다”고 했다."
25,"< 이스라엘 민간 병원에 ‘검은 연기’ > 19일 이스라엘 남부 도시 베르셰바의 소로카 병원 단지가 이란의 미사일 공격을 받아 파괴됐다. 인명 피해는 공식적으로 발표되지 않았다. 이스라엘 당국은 “의료 시설을 겨냥한 공격은 명백한 전쟁 범죄”라고 비판했다. /AP연합뉴스
도널드 트럼프 미국 대통령이 18일(현지시간) 미국이 이란을 공격할지 결정하지 않았다고 말했다. 이날 오전 백악관에서 이란 공격 여부를 묻는 질문에 “할 수도 있고 안 할 수도 있다”고 답했다. 오후에도 “무엇을 할지에 관한 생각이 있다”면서도 “마감 시한이 되기 1초 전 최종 결정을 하고 싶다”고 했다. 그러면서 “상황은 변하기 때문”이라며 “특히 전쟁은 더욱 그렇다”고 덧붙였다.
◇공습·협상 카드 동시에 제시
트럼프 대통령은 지난 16일 주요 7개국(G7) 정상회의를 예정보다 일찍 마치고 귀국하면서 “앞으로 이틀 안에 (이란에 대한 미국의 계획을) 알게 될 것”이라고 말했다. 하지만 이틀이 지난 뒤에도 결정을 내리지 않은 것이다. 그 대신 공격과 협상 모두 가능하다는 메시지를 냈다. 이날 ‘아야톨라 알리 하메네이 이란 최고지도자 정권이 무너질 수 있느냐’는 질문에 “물론”이라며 “어떤 일이든 일어날 수 있다”고 답했다.
미국 행정부에선 공습 준비 기류가 감지되고 있다. 월스트리트저널(WSJ)은 트럼프 대통령이 전날 늦게 고위 참모진에게 미군의 이란 공격 계획을 승인했지만 이란이 핵 프로그램을 포기할지 지켜보기 위해 최종 명령을 보류하고 있다고 보도했다. 블룸버그통신도 소식통을 인용해 이번 주말께 공격이 이뤄질 가능성이 있으며 정부 고위 당국자들이 이에 대비하고 있다고 전했다. 트럼프 대통령은 그러나 외교 문을 닫은 게 아니라며 “이란이 미국을 방문하기를 원한다”고도 언급했다.
◇제2의 아프간전·이라크전 우려
트럼프 대통령이 장고를 거듭하는 것은 미국이 이란을 직접 공격했을 때 몰고 올 파장이 크기 때문이다. 외신을 종합하면 트럼프 대통령에겐 크게 세 가지 시나리오가 있다. 가장 원하는 그림은 미국이 이란을 공격하지 않으면서 공격 위협을 통해 이란으로부터 핵 프로그램 폐기 선언을 받아내는 것이다. 이 경우 베냐민 네타냐후 이스라엘 총리가 주도한 판에서 트럼프 대통령은 특별한 비용을 치르지 않고도 성과를 챙길 수 있다. 하지만 하메네이 최고지도자는 전날 “이란 국민은 항복하지 않을 것”이라며 항전 의지를 밝혔다.
트럼프 대통령이 실제 이란 공격에 나설 수도 있다. 공격을 통해 이란 핵 프로그램을 완전히 파괴할 가능성도 있다. 이스라엘과 미국 내 강경론자는 이란, 하마스, 헤즈볼라 등 친이란 세력의 힘이 약해진 지금을 핵 위협을 제거할 절호의 기회로 보고 있다. 그러나 마지드 타흐트라반치 이란 외교부 차관은 이날 CNN 인터뷰에서 “(미국이 참전하면) 목표물 어디든 보복할 것”이라고 경고했다. 중동 지역 내 미군기지 등을 공격하겠다는 것이다. 미군에서 인명 피해가 발생하면 미국은 반격에 나설 수밖에 없다. 문제는 이 경우 미국이 과거 아프가니스탄전이나 이라크전 때처럼 중동 전쟁에 깊이 빠져들 수 있다는 점이다.
2003년부터 9년간 이어진 이라크 전쟁은 미국 외교의 중대한 실수로 각인돼 있다. 미국인 4000여 명과 이라크인 10만여 명이 사망했지만 전쟁 원인으로 지목된 대량살상무기는 찾지 못했다. 사담 후세인 당시 이라크 대통령을 제거했지만 그 대신 이슬람국가(IS) 세력이 득세하고 이란의 핵무기 개발 등으로 중동 정세는 한층 불안해졌다.
뉴욕타임스(NYT)는 “이라크 유령이 깊게 분열된 워싱턴DC 위에 드리워 있다”며 “당시 조지 W 부시 행정부는 이라크 침공을 ‘쉬운 전쟁’으로 여겼으나 계산 착오였다”고 지적했다. 또 미국은 2001년 9·11테러 이후 ‘테러와의 전쟁’을 위해 아프가니스탄 전쟁을 벌였지만 20년간 별다른 성과를 내지 못하다가 결국 2021년 아프간에서 철군했다.
미국이 또다시 중동 전쟁 늪에 빠지는 건 트럼프 대통령이 내세운 ‘미국 우선주의’ 외교와 180도 다른 상황일 뿐만 아니라 정부 재정에도 큰 부담이다. 미국인의 반대도 거세다. 영국 가디언이 최근 18세 이상 미국 시민 1512명에게 ‘이번 전쟁에 미국이 개입해야 하느냐’고 질문한 결과 응답자 60%가 반대하고 16%만 찬성했다. 작년 대선 때 공화당을 찍은 트럼프 지지자 중에서도 반대가 53%로 찬성(19%)을 압도했다.
트럼프 대통령이 이란의 ‘항복 선언’이 없는 상황에서 실제 공격을 가하지 않을 수 있다. 이 전쟁을 ‘이스라엘의 전쟁’으로 남겨두는 것이다. 이 경우 트럼프 대통령은 다시 한번 ‘TACO(트럼프는 언제나 물러선다) 대통령’이라는 비판을 받을 수 있다.
워싱턴=이상은 특파원 selee@hankyung.com"
26,"이스라엘군이 타격했다고 밝힌 이란 아라크 지역 비활성 핵 원자로 시설의 위성사진. 이 시설이 재가동되면 핵무기용 플루토늄 생산이 가능한 것으로 알려졌다. /이스라엘군 제공
도널드 트럼프 미국 대통령이 이란에 사실상 최후통첩을 날린 가운데 이스라엘이 이란 핵 프로그램의 핵심 설비 중 하나인 아라크 중수로를 정밀 타격해 양국 간 무력 충돌이 격화하고 있다.
이스라엘군은 19일 이란 남서부 아라크에 있는 중수로 핵 시설을 공습했다고 밝혔다. 아라크 중수로는 고준위 방사성 폐기물에서 무기급 플루토늄을 추출할 수 있는 설비다. 이란이 핵무기 개발에 나선다면 농축 우라늄 외에 ‘제2 경로’를 제공할 수 있다는 점에서 서방 국가들이 오랜 기간 주목해온 전략 시설로 꼽힌다. 이번 공습은 원자로 자체를 겨냥했다기보다 이란의 핵무장 시도를 사전 경고하는 의미가 크다는 분석이 나온다. 이란 당국자는 아라크 핵 시설에 근무하는 인원 등이 모두 대피했으며 방사성 물질은 누출되지 않았다고 말했다.
이스라엘은 이날 공습에 앞서 X(옛 트위터)를 통해 “이스라엘군은 아라크, 혼다브의 주민, 노동자, 체류자에게 긴급 경고를 발령한다”며 “이란 정권의 군사 시설물을 타격하기 전에 즉각 대피하라”고 경고했다. 게시물에는 아라크 중수로를 중심으로 반경 약 2㎞를 붉은 원으로 표시한 위성사진이 함께 올라와 정밀 타격 의도를 분명히 했다. 아라크는 이란 수도 테헤란에서 남서쪽으로 약 250㎞ 떨어진 내륙 도시로, 핵무기 개발과 관련해 국제사회가 예의주시하는 전략적 요충지다.
아라크 중수로는 농축 우라늄과 달리 감시망을 피해 무기급 플루토늄을 생산할 수 있어 군사 전용 가능성이 크기 때문에 핵 확산 방지 체제를 위협하는 주요 변수로 지목돼왔다. 국제원자력기구(IAEA)도 이 시설이 공습받을 가능성에 우려를 나타내며 이스라엘에 자제를 요청해왔고, 지난달 14일 사찰단을 파견해 현장을 점검했다.
이스라엘 공습에 대한 보복으로 이란은 미사일 수십 발을 발사했다. 이 가운데 일부는 이스라엘 남부 베르셰바의 소로카 병원을 포함해 민간 시설을 폭격한 것으로 알려졌다. AFP통신은 “텔아비브와 예루살렘 등지에서도 공습 경보와 함께 격렬한 폭발음이 들렸다”고 전했다.
이번 아라크 중수로 공습은 단순한 무력 충돌을 넘어 이란의 핵무장 가능성을 선제적으로 억제하려는 전략적 성격이 짙다는 평가가 나온다. 미국과 이스라엘은 이 시설이 플루토늄 기반 핵무기 개발의 관문이 될 수 있다는 판단에 따라 오래전부터 경계해왔다. 이번 공습도 이란의 핵 개발 경로를 제한하려는 조치로 풀이된다.
이날 이스라엘군은 성명에서 나탄즈 지역에 있는 ‘핵무기 개발 시설’도 공격했다고 밝혔다. 이스라엘은 지난 13일에도 나탄즈 핵 시설을 표적 공습했다. 테헤란에서 남쪽으로 약 250㎞ 떨어진 나탄즈는 핵무기 제조용으로 전환할 수 있는 고농축 우라늄을 생산하고 있는 것으로 전해진다."
27,"미국 반도체 기업 텍사스인스트루먼트(TI)가 600억달러(약 82조원) 규모의 미국 투자 계획을 18일(현지시간) 발표했다. 도널드 트럼프 미국 대통령이 자국 제조업 부흥을 위해 공격적인 관세 정책을 펼친 데 호응한 것으로 분석된다.
로이터통신에 따르면 TI는 이날 텍사스주와 유타주에 있는 3개 지역에서 반도체 제조 시설 7곳을 신축·확장하는 데 600억달러를 쓰겠다고 밝혔다. 이를 통해 일자리 6만 개를 창출할 예정이다. 회사는 “미국 역사상 기초 반도체 제조 부문에 가장 큰 규모로 투자하는 것”이라고 설명했다.
이번 투자안에는 텍사스에 460억달러, 유타에 150억달러를 투입하는 내용이 담겼다. 구체적인 일정은 제시하지 않았다. 장기적 자본지출(CAPEX) 계획에도 변화가 없다고 알렸다. 로이터통신은 “건설 중이거나 장비를 설치 중인 시설에 배정된 자금도 포함된 것으로 보인다”며 “분석가들은 TI 계획을 트럼프 대통령에게 접근하는 방안의 일환으로 보고 있다”고 전했다.
트럼프 대통령이 조 바이든 전 대통령의 역점 정책인 반도체법을 폐기하는 대신 관세로 반도체 경쟁력을 확보하겠다고 강조해온 만큼 보조금 유치를 원하는 기업이 투자를 발표해 트럼프 대통령에게 신호를 보내는 것이란 평가가 나온다. 마이크론 등 미국 반도체 업체와 대만 TSMC도 트럼프 행정부 출범 후 미국 투자 계획을 잇달아 공개했다.
하워드 러트닉 미국 상무장관은 이날 “TI와의 협력 관계를 통해 수십년간 미국 반도체 제조업을 지원할 것”이라고 말했다."
28,"사진=게티이미지뱅크
전 세계 최대 닭고기 수출국인 브라질이 한 달 가까이 이어진 고병원성 조류인플루엔자(HPAI) 특별방역 및 비상대책 기간을 종료했다.
브라질 농림축산부는 18일(현지시간) ""히우그란지두술주(州) 몬치네그루 지역 한 가금류 사육 시설 내에서의 HPAI 방역 개시 이후 28일 동안 추가 발생 사례는 없었다""며 ""프로토콜에 따라 더는 특이 상황이 없음을 확인하고 관련 비상 조처를 끝낸다""고 밝혔다.
카를루스 파바루 브라질 농림축산부 장관은 농림방역청(Secretaria de Defesa Agropecuaria)에서 세계동물보건기구에 관련 상황을 통보한 사실을 전하며 ""이제 우리는 책임감 있게 점진적으로 닭고기 등의 수출 재개를 추진할 것""이라고 밝혔다.
이와 함께 브라질 당국도 가금류 수입을 일시 중단한 국가들에게 직접 통지하며 '글로벌 육계 수급 정상화'를 위해 노력한다고 밝혔다.
한국 역시 그동안 브라질산 가금육 등 수입을 일부 제한해 왔다. 브라질 당국의 비상사태 종료 선언에 따라 협의를 거친 후 금수 조처 해제 여부를 검토할 것으로 관측된다.
브라질은 닭고기 세계 1위 수출국이다. 또한 닭고기 생산량으로는 세계 2∼3위권(브라질 농림축산부 발표 기준)에 꼽힌다. 하지만 지난달 브라질 몬치네그루 지역 상업용 양계 시설에서 고병원성 AI가 발생했다. 닭고기 판매를 목적으로 한 브라질 내 닭 사육장에서 고병원성 AI가 확인된 첫 사례였다.
브라질산 닭고기는 한국산보다 가격이 저렴한 데다 보통 순살로 수입됐다. 지코바 치킨, 노랑통닭, 맘스터치 등 일부 프랜차이즈의 순살 메뉴에 사용하는 것으로 알려졌다. 학교나 회사 등에 밥을 제공하는 급식 업체들도 브라질산 닭고기를 사용한다.
농림축산식품부에 따르면, 지난해 국내에서 소비된 전체 닭고기 사용량 80만1600t 중 23%(18만3600t)를 수입에 의존했다. 특히 닭고기 수입량의 86.1%는 브라질산(15만8000t)이 차지했다. 2024년 국내 연간 닭고기 소비량의 19.7%가 브라질산인 셈이다.
이 때문에 브라질에서 발생한 고병원성 AI에 국내 치킨값이 영향을 받는 게 아니냐는 우려도 나왔다. 이에 정부는 닭고기 수급 우려 해소를 위해 브라질 내 고병원성 AI 미발생 지역에 한해서 닭고기를 수입하기로 결정하고 관련 행정 절차를 밟은 바 있다."
29,"출처=SCMP 캡처
17세 만나 절친이 된 중국 여고생이 알고 보니 생후 10일 만에 각각 입양돼 헤어졌던 쌍둥이 자매라는 사실이 알려져 화제다.
16일(현지시간) 홍콩 사우스차이나모닝포스트(SCMP)는 중국 허베이성 같은 도시에 입양돼 서로의 존재를 모르고 자란 쌍둥이 자매 하이차오와 장궈신의 사연을 전했다.
하이차오는 한 친구에게 ""옷 가게에 너랑 똑같이 생긴 사람이 있다""는 말을 듣고 직접 가게를 찾았고 그곳에서 장궈신을 처음 만났다고 회상했다. 두 사람은 같은 생일에 생후 100일쯤 중병을 앓았던 경험도 공유했다.
음식 취향부터 목소리, 머리 스타일까지 비슷해 금세 절친이 됐다. 양부모들은 두 사람이 쌍둥이라는 사실을 알고 있었지만 딸을 뺏길까 우려해 이를 숨겨온 것으로 알려졌다.
절친한 친구로 지낸 지 약 1년 후 양가 부모가 진실을 밝혔다. 두 사람은 가위바위보로 언니를 정했고, 이긴 장궈신이 실제 언니인 것으로 나중에 확인됐다.
놀라운 우연은 이어졌다. 이들은 같은 아파트 단지에 집을 샀다. 또 자녀들도 동갑으로 같은 반에 배정됐다. 아이들 외모까지 닮아 학부모 면담 때 교사가 구분하지 못한 일도 생겼다.
현재 37세가 된 두 사람은 사회관계망서비스(SNS) 계정을 함께 운영 중이다. 팔로워 수는 6만명을 넘는다. 두 사람은 최근 재회 20주년을 맞아 ""지금까지 20년은 행복 그 자체였다. 다음 20년도 함께하자""는 글을 게시했다."
30,"현지시간 19일, 이란의 미사일 공격으로 파괴된 이스라엘 레호봇 지역의 모습 / 사진=REUTERS
이란이 이스라엘에 집속탄(확산탄) 탄두를 장착한 탄도미사일을 발사한 것으로 확인됐다.
19일(현지시간) 타임스오브이스라엘, 예루살렘포스트 등은 이스라엘군 국내전선사령부가 이날 오전 이스라엘 중부 지역에 떨어진 이란의 탄도미사일 가운데 최소 1발이 집속탄 미사일인 것으로 확인했다고 보도했다.
집속탄은 하나의 탄두 안에 수십∼수백개의 새끼 폭탄이 들어있다가 어느 순간 퍼지면서 목표지점 일대에 한꺼번에 피해를 주는 등 살상력이 커 비인도적이라는 비난을 받는 무기다.
사진=이스라엘군 국내전선사령부 제공
이날 이란이 사용한 집속탄 탄두는 지상 약 7㎞ 상공에서 약 20개의 새끼 폭탄으로 쪼개져 약 8㎞ 반경 지역에 흩뿌려지는 방식이라고 이스라엘군은 분석했다.
이 새끼 폭탄 중 하나가 이스라엘 텔아비브 부근 아조르 지역의 민가를 덮쳐 소형 로켓에 맞먹는 피해를 줬다고 타임스오브이스라엘은 전했다.
보도에 따르면 이스라엘군은 이날 오전에만 이란에서 탄도미사일 약 20기가 날아온 것으로 파악했고, 이로 인해 이스라엘 남부 베에르셰바의 소로카 병원 등에서 수십명이 부상했다."
31,"하버드대학교 / 사진=AP
미국 국무부가 일시 중단했던 외국인 유학생 및 연수생에 대한 미국 입국 비자 발급 관련 절차를 재개한다.
18일(현지시간) AP통신 등에 따르면 국무부는 이날 공지문을 통해 지난 5월부터 학생 비자 관련 절차를 중단하도록 한 조치를 철회했다고 발표했다. 다만 학생 비자 신규 신청자 중 자신의 사회관계망서비스(SNS) 계정 게시물에 대한 접근을 허용하지 않는 사람은 비자 발급이 거부될 수 있다고 주의를 당부했다.
국무부는 ""새 가이드라인에 따라 (해외 미국 대사관 및 영사관 등에 배치된) 영사업무 담당자들은 모든 학생 및 교환 방문 비자 신청자에 대해 종합적이고 철저한 검토를 할 것""이라고 했다.
이를 위해 모든 신청자의 SNS 계정을 '공개'로 설정해야 한다. 국무부는 ""강화된 SNS 검토는 우리나라를 방문하려 하는 모든 사람에 대해 적절히 심사할 수 있게 할 것""이라고 했다.
지난달 마코 루비오 미 국무장관은 'SNS 심사·검증 확대' 방안을 준비하기 위해 별도의 추가 지침이 담긴 별도 전문이 발표될 때까지 학생 및 교환 방문자 비자 인터뷰 일정 추가를 즉시 중단해야 한다는 내용의 문서를 영사부서에 전달했다. 이는 미국에서 유학을 원하는 외국인 학생에 대해 비자 발급 여부를 결정하기 전에 SNS 활동을 심사함으로써 사상 검증을 확대하고 심사 범위를 명확히 하기 위한 것으로 풀이됐다.
루비오 국무장관은 지난 3월에도 학생 비자 신청자의 SNS를 조사해 반(反)유대주의 성향 여부를 살펴볼 것을 지시한 바 있다. 이 때문에 SNS '검열'은 미국의 안보 위협 요인과 관련된 내용이 될 것이란 관측이다.
다만 외국인에 대한 입국 비자 발급은 주권 국가의 전권이지만, 표현의 자유를 헌법적 권리로 보장하는 미국이 외국인의 과거 SNS 게시물을 비자 거부 사유로 삼는 데 대한 논란의 여지도 있어 보인다. 특히 비자 거부의 기준이 명확하게 공개되지 않아 논쟁이 있을 전망이다."
32,"사진=게티이미지뱅크
도널드 트럼프 미국 대통령이 중동 전쟁에 개입할 조짐을 보이면서 경제 충격이 커지고 있다.
17일(현지시간) 미국의 경제 포털 '야후 파이낸스'에 따르면 트럼프가 중동 전쟁에 본격 개입하면 관세 폭탄으로 인플레이션 상방 압력이 고조되고 있는 가운데 미국경제가 침체에 빠질 가능성이 크다고 전망했다.
현재 관세 폭탄에도 미국의 인플레이션은 잘 관리되고 있다. 수입 업체들이 관세 폭탄 전에 수입을 대거 늘려 재고를 충분히 확보하고 있어서다. 하지만 재고가 소진되면 미국 인플레이션이 본격적으로 상승할 전망이다. 전문가들은 7월부터 이런 현상이 나타날 것이라고 본다.
이 같은 상황에서 중동 전쟁으로 국제유가까지 급등하면 미국의 인플레이션에 기름을 부을 전망이다. 미국은 인플레이션과 관련해 3각 파도에 직면할 가능성이 크다. △관세 폭탄으로 인한 인플레이션 상방 압력 △중동 전쟁에 따른 국제유가 급등 △ 여름철 드라이빙 시즌 도래 등이다.
중동 분쟁에 잘못 개입하면 미국이 중동의 늪에 빠질 수도 있다. 게다가 트럼프는 7월 9일까지 최소 15개국과의 무역 협상을 마무리해야 한다. 트럼프는 현재 캐나다에서 열리고 있는 선진 7개국(G-7) 정상회담에서 일부를 타결했어야 했지만 이란-이스라엘 분쟁이 격화하자 트럼프는 지난 16일 미국으로 급히 귀국했다. 이에 무역 협상이 지연되고 이에 따른 불확실성이 고조될 전망이다.
한편 미국 증시는 하락 마감했다. 이날 뉴욕증시에서 다우존스30 산업평균지수는 전장보다 299.29포인트(-0.7%) 내린 42,215.80에 거래를 마쳤다. 스탠더드앤드푸어스(S&P) 500지수는 전장보다 50.39포인트(-0.84%) 하락한 5982.72에, 기술주 중심의 나스닥 종합지수는 전장보다 180.12포인트(-0.91%) 떨어진 19,521.09에 각각 마감했다.
중동 긴장 고조가 지속되면서 국제유가는 급등했다. 이날 ICE선물거래소에서 브렌트유 선물 근월물 종가는 배럴당 76.54달러로 전장보다 3.22달러(4.4%) 상승했다. 뉴욕상업거래소에서 서부텍사스산원유(WTI) 선물 근월물 종가는 배럴당 74.84달러로 전장 대비 3.07달러(4.28%) 올랐다."
33,"일론 머스크 최고경영자(CEO)가 이끄는 스페이스X 우주선 스타십36이 시험 발사 준비 중 점화 단계에서 폭발했다.
19일(현지시간) AFP통신, 폭스 뉴스 등 외신에 따르면 전날 오후 11시께 미국 텍사스 스타베이스에서 10번째 시험 발사를 준비하던 스페이스X 우주선 스타십이 지상 폭발했다.
폭발 이후 텍사스주 케머런 카운티 당국은 페이스북에서 ""스타베이스에서 통상적인 '고정 점화'(Static fire) 시험 도중 스타십36에 처참한 실패가 발생해 폭발했다""고 밝혔다. 고정 점화 시험은 로켓을 발사대에 고정한 채 엔진을 차례로 점화하는 테스트다.
스페이스X도 자시의 엑스(X·옛 트위터)에 성명을 게재하며 ""스타십이 10번째 시험 발사를 준비하던 중 '심각한 이상 현상(a major anomaly)'을 보였다""며 ""시험 중 안전 구역이 유지됐고, 모든 관계자의 신원과 안전은 확인됐다""고 전했다.
그러면서 ""지역 당국과 협력해 시험장과 인근 지역의 안전을 위해 노력하고 있으며, 인근 지역 주민들에게는 아무런 위험 요소가 없다""며 ""복구 작업이 완료될 때까지 발사장 접근을 삼가달라""고 했다.
스타십 폭발 장면은 나사(NASA) 유튜브 채널에도 공개됐다. 영상에는 점화 중이던 로켓이 갑자기 폭발하고, 엄청난 규모의 불기둥이 치솟는 모습이 담겼다. 1차 폭발 이후 수 초 만에 2차 폭발이 있었는데, 거대한 불기둥이 하늘로 솟구쳐 올라간 후 로켓의 형태는 완전히 사라졌다.
머스크는 2024년 첫번째 유인 탐사선을 화성으로 보내겠다는 목표를 세웠지만, 발사실험 실패 소식이 연이어 전해지면서 타격을 입고 있다. 각각 지난 1월과 3월 있었던 7차, 8차 시험비행은 모두 로켓이 공중 폭발했고, 지난달 27일 있었던 9차 시험 발사에서는 탑재됐던 모의 위성들이 사출되지 못한 채 인도양으로 추락했다.
머스크는 지난달 29일 스페이스X의 홈페이지에 올린 동영상을 통해 상세한 스타십 개발 관련 세부 일정을 공개했는데, 머스크는 스타십이 2026년 말까지 기한을 맞춰 준비가 완료될 확률을 절반 정도로 봤다. 그때까지 스타십이 준비되지 않았다면, 다시 시도하기까지 2년을 더 기다려야 한다는 설명도 덧붙였다.
머스크에 따르면 2026년 말은 화성과 지구가 태양 주위를 정렬해 두 행성이 가장 가까워지는 시기다. 머스크가 꼽은 우주선 발사 적기로, 이러한 순간은 화성의 반대면을 중심으로 약 2년마다 발생한다. 미국항공우주국(나사)에 따르면 우주선으로 화성까지 이동하는 데에 7~9개월이 걸리는 만큼 해당 시간을 계산해 로켓을 발사하겠다는 계획이다.
화성으로 향하는 첫 번째 비행에는 테슬라가 제작한 휴머노이드 옵티머스 디자인의 로봇으로 구성된 모의 승무원이 탑승한다. 두 번째 또는 세 번째 비행에서 최초의 인간 승무원을 태운다는 게 머스크의 계획이었다."
34,"도널드 트럼프 미국 대통령을 '독재자'로 풍자한 조각상이 미국 수도 워싱턴DC 한복판에 등장했다.
18일(현지시간) 미 일간 워싱턴포스트(WP)는 지난 16일 워싱턴DC 내셔널몰에 '독재자 인증(Dictator Approved)'이라 불리는 약 2.4ｍ 높이의 조각상이 등장했다고 보도했다.
작품은 엄지손가락을 치켜든 금색 손이 자유의 여신상 녹색 왕관을 짓누르는 모습이다.
미 국립공원관리청(NPS)이 발급한 허가서에 따르면 이 작품의 창작자들은 지난 14일 트럼프 대통령의 생일을 기념해 열린 군사 퍼레이드와 권위주의에 대한 대응 의도를 담았다.
창작자들은 이 퍼레이드에 대해 ""북한, 러시아, 중국과 등 독재적, 억압적 정권이 워싱턴DC를 행진하는 모습과 유사한 이미지를 담고 있을 것""이라고 설명했다.
이들은 또 조각상 제작 의도에 대해 ""이러한 억압적인 지도자들이 도널드 트럼프에게 가한 찬사""에 주목하게 하려는 것이라고 덧붙였다.
이들의 설명처럼 작품 받침대의 네 면에는 트럼프 대통령에 대한 블라디미르 푸틴 러시아 대통령, 빅토르 오르반 헝가리 총리, 자이르 보우소나루 전 대통령, 김정은 북한 국무위원장의 발언이 적혀 있다.
조각상은 이 자리에서 오는 22일 오후 5시까지 약 일주일간 설치 허가를 받았다고 WP는 전했다.
허가 신청자로는 메리 해리스라는 인물이 적혀있지만, 연락처는 없었고, 실제 제작자가 누구인지는 확인되지 않았다.
한편, 지난해 10월 같은 자리에는 2021년 1·6 의회 폭동 사태를 풍자하는 약 2ｍ 길이의 똥 조각상이 등장해 관심을 끌었다.
WP는 이 동상이 지난해 설치된 똥 모형의 조형물과 스타일이나 재질이 매우 유사하다고 전했다."
35,"""당신과 이야기하고, 제가 겪는 일들을 들려드리고 싶은 날입니다.""
중증 치매를 앓고 있는 배우 브루스 윌리스를 향한 큰딸 루머 윌리스의 절절한 고백이 팬들을 울리고 있다.
루머는 최근 '아버지의 날'을 맞아 자신의 사회관계망서비스(SNS)에 어린 시절 부친과 함께한 사진과 최근 함께 찍은 사진을 공개하며 이 같은 말을 덧붙였다.
""오늘은 마음이 아프다""라고 운을 뗀 그는 ""당신을 안아주고, 인생의 고난과 성공에 관해 묻고 싶다. 당신이 이야기할 수 있는 동안 더 많은 질문을 하고 싶다""고 적었다.
이어 ""하지만 오늘 내가 슬퍼하는 걸 원치 않을 거라는 걸 안다""라며 ""당신이 여전히 내 아버지이고, 내 곁에 있다는 것, 여전히 당신을 안아주고, 볼에 키스하고, 머리를 만지며 이야기를 들려줄 수 있다는 점에 감사하려고 노력하겠다""고 전했다.
그러면서 ""당신과 함께하는 모든 순간이 감사하다. 정말 사랑한다. 아버지의 날을 축하한다. 저와 같은 상황에 놓인 분들, 아버지를 잃은 분들, 아버지 역할을 하는 싱글맘들, 그리고 미래의 아버지들께도 사랑을 보낸다""고 덧붙였다.
영화 '다이하드' 시리즈로 세계적인 명성을 얻은 브루스 윌리스는 2022년 3월 실어증 진단을 받고 은퇴를 선언했다. 그로부터 1년 후 치매 진단을 받았다. 실어증 역시 치매 증상 중 하나였던 것으로 전해졌다.
브루스 윌리스는 1987년 배우 데미 무어와 결혼해 슬하에 세 딸을 뒀으나, 2000년 이혼했다. 이후 2009년 모델 엠마 헤밍과 재혼했다. 최근에는 전 부인과 현 부인이 그의 공동 보호자로서 협력해 화제가 됐다."
36,"하버드대학교 / 사진=AP
미국 국무부가 일시 중단했던 외국인 유학생 및 연수생에 대한 미국 입국 비자 발급 관련 절차를 재개한다.
18일(현지시간) AP통신 등에 따르면 국무부는 이날 공지문을 통해 지난 5월부터 학생 비자 관련 절차를 중단하도록 한 조치를 철회했다고 발표했다. 다만 학생 비자 신규 신청자 중 자신의 사회관계망서비스(SNS) 계정 게시물에 대한 접근을 허용하지 않는 사람은 비자 발급이 거부될 수 있다고 주의를 당부했다.
국무부는 ""새 가이드라인에 따라 (해외 미국 대사관 및 영사관 등에 배치된) 영사업무 담당자들은 모든 학생 및 교환 방문 비자 신청자에 대해 종합적이고 철저한 검토를 할 것""이라고 했다.
이를 위해 모든 신청자의 SNS 계정을 '공개'로 설정해야 한다. 국무부는 ""강화된 SNS 검토는 우리나라를 방문하려 하는 모든 사람에 대해 적절히 심사할 수 있게 할 것""이라고 했다.
지난달 마코 루비오 미 국무장관은 'SNS 심사·검증 확대' 방안을 준비하기 위해 별도의 추가 지침이 담긴 별도 전문이 발표될 때까지 학생 및 교환 방문자 비자 인터뷰 일정 추가를 즉시 중단해야 한다는 내용의 문서를 영사부서에 전달했다. 이는 미국에서 유학을 원하는 외국인 학생에 대해 비자 발급 여부를 결정하기 전에 SNS 활동을 심사함으로써 사상 검증을 확대하고 심사 범위를 명확히 하기 위한 것으로 풀이됐다.
루비오 국무장관은 지난 3월에도 학생 비자 신청자의 SNS를 조사해 반(反)유대주의 성향 여부를 살펴볼 것을 지시한 바 있다. 이 때문에 SNS '검열'은 미국의 안보 위협 요인과 관련된 내용이 될 것이란 관측이다.
다만 외국인에 대한 입국 비자 발급은 주권 국가의 전권이지만, 표현의 자유를 헌법적 권리로 보장하는 미국이 외국인의 과거 SNS 게시물을 비자 거부 사유로 삼는 데 대한 논란의 여지도 있어 보인다. 특히 비자 거부의 기준이 명확하게 공개되지 않아 논쟁이 있을 전망이다."
37,"도널드 트럼프 미국 대통령을 '독재자'로 풍자한 조각상이 미국 수도 워싱턴DC 한복판에 등장했다.
18일(현지시간) 미 일간 워싱턴포스트(WP)는 지난 16일 워싱턴DC 내셔널몰에 '독재자 인증(Dictator Approved)'이라 불리는 약 2.4ｍ 높이의 조각상이 등장했다고 보도했다.
작품은 엄지손가락을 치켜든 금색 손이 자유의 여신상 녹색 왕관을 짓누르는 모습이다.
미 국립공원관리청(NPS)이 발급한 허가서에 따르면 이 작품의 창작자들은 지난 14일 트럼프 대통령의 생일을 기념해 열린 군사 퍼레이드와 권위주의에 대한 대응 의도를 담았다.
창작자들은 이 퍼레이드에 대해 ""북한, 러시아, 중국과 등 독재적, 억압적 정권이 워싱턴DC를 행진하는 모습과 유사한 이미지를 담고 있을 것""이라고 설명했다.
이들은 또 조각상 제작 의도에 대해 ""이러한 억압적인 지도자들이 도널드 트럼프에게 가한 찬사""에 주목하게 하려는 것이라고 덧붙였다.
이들의 설명처럼 작품 받침대의 네 면에는 트럼프 대통령에 대한 블라디미르 푸틴 러시아 대통령, 빅토르 오르반 헝가리 총리, 자이르 보우소나루 전 대통령, 김정은 북한 국무위원장의 발언이 적혀 있다.
조각상은 이 자리에서 오는 22일 오후 5시까지 약 일주일간 설치 허가를 받았다고 WP는 전했다.
허가 신청자로는 메리 해리스라는 인물이 적혀있지만, 연락처는 없었고, 실제 제작자가 누구인지는 확인되지 않았다.
한편, 지난해 10월 같은 자리에는 2021년 1·6 의회 폭동 사태를 풍자하는 약 2ｍ 길이의 똥 조각상이 등장해 관심을 끌었다.
WP는 이 동상이 지난해 설치된 똥 모형의 조형물과 스타일이나 재질이 매우 유사하다고 전했다."
38,"""당신과 이야기하고, 제가 겪는 일들을 들려드리고 싶은 날입니다.""
중증 치매를 앓고 있는 배우 브루스 윌리스를 향한 큰딸 루머 윌리스의 절절한 고백이 팬들을 울리고 있다.
루머는 최근 '아버지의 날'을 맞아 자신의 사회관계망서비스(SNS)에 어린 시절 부친과 함께한 사진과 최근 함께 찍은 사진을 공개하며 이 같은 말을 덧붙였다.
""오늘은 마음이 아프다""라고 운을 뗀 그는 ""당신을 안아주고, 인생의 고난과 성공에 관해 묻고 싶다. 당신이 이야기할 수 있는 동안 더 많은 질문을 하고 싶다""고 적었다.
이어 ""하지만 오늘 내가 슬퍼하는 걸 원치 않을 거라는 걸 안다""라며 ""당신이 여전히 내 아버지이고, 내 곁에 있다는 것, 여전히 당신을 안아주고, 볼에 키스하고, 머리를 만지며 이야기를 들려줄 수 있다는 점에 감사하려고 노력하겠다""고 전했다.
그러면서 ""당신과 함께하는 모든 순간이 감사하다. 정말 사랑한다. 아버지의 날을 축하한다. 저와 같은 상황에 놓인 분들, 아버지를 잃은 분들, 아버지 역할을 하는 싱글맘들, 그리고 미래의 아버지들께도 사랑을 보낸다""고 덧붙였다.
영화 '다이하드' 시리즈로 세계적인 명성을 얻은 브루스 윌리스는 2022년 3월 실어증 진단을 받고 은퇴를 선언했다. 그로부터 1년 후 치매 진단을 받았다. 실어증 역시 치매 증상 중 하나였던 것으로 전해졌다.
브루스 윌리스는 1987년 배우 데미 무어와 결혼해 슬하에 세 딸을 뒀으나, 2000년 이혼했다. 이후 2009년 모델 엠마 헤밍과 재혼했다. 최근에는 전 부인과 현 부인이 그의 공동 보호자로서 협력해 화제가 됐다."
39,"사진=게티이미지뱅크
전 세계 최대 닭고기 수출국인 브라질이 한 달 가까이 이어진 고병원성 조류인플루엔자(HPAI) 특별방역 및 비상대책 기간을 종료했다.
브라질 농림축산부는 18일(현지시간) ""히우그란지두술주(州) 몬치네그루 지역 한 가금류 사육 시설 내에서의 HPAI 방역 개시 이후 28일 동안 추가 발생 사례는 없었다""며 ""프로토콜에 따라 더는 특이 상황이 없음을 확인하고 관련 비상 조처를 끝낸다""고 밝혔다.
카를루스 파바루 브라질 농림축산부 장관은 농림방역청(Secretaria de Defesa Agropecuaria)에서 세계동물보건기구에 관련 상황을 통보한 사실을 전하며 ""이제 우리는 책임감 있게 점진적으로 닭고기 등의 수출 재개를 추진할 것""이라고 밝혔다.
이와 함께 브라질 당국도 가금류 수입을 일시 중단한 국가들에게 직접 통지하며 '글로벌 육계 수급 정상화'를 위해 노력한다고 밝혔다.
한국 역시 그동안 브라질산 가금육 등 수입을 일부 제한해 왔다. 브라질 당국의 비상사태 종료 선언에 따라 협의를 거친 후 금수 조처 해제 여부를 검토할 것으로 관측된다.
브라질은 닭고기 세계 1위 수출국이다. 또한 닭고기 생산량으로는 세계 2∼3위권(브라질 농림축산부 발표 기준)에 꼽힌다. 하지만 지난달 브라질 몬치네그루 지역 상업용 양계 시설에서 고병원성 AI가 발생했다. 닭고기 판매를 목적으로 한 브라질 내 닭 사육장에서 고병원성 AI가 확인된 첫 사례였다.
브라질산 닭고기는 한국산보다 가격이 저렴한 데다 보통 순살로 수입됐다. 지코바 치킨, 노랑통닭, 맘스터치 등 일부 프랜차이즈의 순살 메뉴에 사용하는 것으로 알려졌다. 학교나 회사 등에 밥을 제공하는 급식 업체들도 브라질산 닭고기를 사용한다.
농림축산식품부에 따르면, 지난해 국내에서 소비된 전체 닭고기 사용량 80만1600t 중 23%(18만3600t)를 수입에 의존했다. 특히 닭고기 수입량의 86.1%는 브라질산(15만8000t)이 차지했다. 2024년 국내 연간 닭고기 소비량의 19.7%가 브라질산인 셈이다.
이 때문에 브라질에서 발생한 고병원성 AI에 국내 치킨값이 영향을 받는 게 아니냐는 우려도 나왔다. 이에 정부는 닭고기 수급 우려 해소를 위해 브라질 내 고병원성 AI 미발생 지역에 한해서 닭고기를 수입하기로 결정하고 관련 행정 절차를 밟은 바 있다."
40,"사진=연합뉴스
고병원성 조류인플루엔자(AI) 발생으로 중단됐던 브라질산 닭고기 수입이 이르면 이달 중 재개될 것으로 예상된다.
10일 농림축산식품부는 지난 9일 브라질 검역 당국과 브라질산 가금육과 가금생산물 수입을 위한 위생 조건 협의를 완료했다고 밝혔다. 다만 브라질 내 고병원성 AI가 발생하지 않은 지역에서만 닭고기를 수입(수입 지역화)할 수 있다.
정부는 브라질 히우그란지두술주에서 고병원성 AI가 발생하자 지난달 17일 브라질산 가금육과 가금생산물 수입을 전면 금지했다. 이후 9일 브라질 당국과 협의가 마무리되면서 행정 예고 절차를 거쳐 이르면 열흘 뒤부터 수입이 재개될 수 있을 것으로 보고 있다.
이달 수입이 재개되더라도 운송 기간을 고려하면 국내 수급은 내달께 이뤄진다.
브라질산 닭고기는 국내산보다 가격이 저렴한 데다 보통 순살로 수입돼 많은 외식 프랜차이즈업체가 사용한다.
지난해 우리나라가 수입한 브라질산 닭고기는 15만8000톤으로 전체 수입량(18만3600톤)의 86%에 이른다. 이는 지난해 국내 닭고기 소비량(79만1000톤)의 20%에 달한다.
지난달 브라질산 닭고기 수입 금지로 가격이 급등하자, 이를 재료로 쓰는 외식업체들이 공급난을 겪어 온 바 있다.
정부는 닭고기 수급 우려가 커지자 브라질 내 고병원성 AI가 발생하지 않은 지역에서 닭고기를 수입하기 위해 브라질 당국과 논의를 진행해 왔다."
41,"출처=캘거리헤럴드, WCLC
캐나다의 한 남성이 1년도 채 되지 않는 기간 동안 세 차례 복권에 당첨돼 총 250만 달러(한화 약 34억원)에 달하는 거액을 거머쥐었다. 극히 낮은 확률을 연이어 뚫은 데이비드 서킨(David Surkin) 씨의 사연은 캐나다 전역에 화제를 불러일으켰다.
9일(현지시간) 캐나다 현지 매체 캘거리 헤럴드 등 보도에 따르면, 앨버타주 레스브리지에 거주하는 서킨 씨는 지난해 8월 20일 로또 맥스(Lotto Max)에서 50만 달러(약 6억7700만원)에 처음 당첨됐고, 같은 해 11월 16일 로또 6/49에서 100만달러(약 13억5000만원), 올해 5월 3일 로또 6/49 클래식 추첨에서 다시 100만달러(약 13억5000만원)에 당첨됐다.
그는 과거에도 복권으로 25만 달러(약 3억원)를 수령한 적이 있어, 지금까지 총당첨 금액은 275만 달러(37억원)를 넘는다. 이에 대해 서킨 씨는 ""당첨되지 않으면 언제든 다시 시도할 수 있고, 당첨되면 매우 기쁘다""며 '암에서 살아남고 은퇴 후 인생을 살고 있는데 모든 것에 감사할 뿐""이라고 말했다. 또 ""이제 정말 끝일 것 같다""면서도 ""그래도 복권 사는 걸 좋아한다""고 덧붙였다.
가장 최근의 당첨은 기름을 넣던 중 주유소에서 우연히 산 복권이었다. 그는 당시 ""어차피 잃을 것도 없는데""라는 생각으로 로또를 구매했고, 골드볼 추첨 막바지에 걸려 100만달러(약 13억5000만원)의 당첨 행운을 안았다.
복권 당첨 후 그는 친구들과 커피를 마시러 갔다가 복권을 보여주자 친구들이 ""설마 또야?""라고 놀라워했다고 전했다. 그의 가족조차 연이은 당첨 소식에 믿기 어려워하는 반응을 보였다고 한다.
서킨 씨는 1982년 로또 6/49가 출시된 이후 40년 넘게 꾸준히 복권을 구매해온 '베테랑 복권 애호가'다. 그는 ""확률이 천문학적으로 낮다는 걸 알고 있다""며 ""다시는 이런 일이 없을 것 같지만 복권 사는 재미는 포기 못 한다""고 했다.
웨스턴 캐나다 복권 공사(WCLC)는 그의 연속 당첨에 대해 “극히 이례적인 사건”이라고 설명했다. 로또 맥스의 당첨 확률은 약 3329만 4800분의 1, 로또 6/49의 당첨 확률은 약 1398만 3816분의 1로 알려져 있다.
일각에서 서킨 씨의 당첨 정당성에 대한 의문이 제기되자, WCLC는 그가 4개월 간격으로 다른 소매점에서 복권을 구매했다는 점 등을 검토한 끝에 ""모두 합법적이며 우연히 일어난 일""이라고 결론 내렸다.
WCLC 대변인 에밀리 올슨은 ""당첨은 패턴 없이 무작위로 발생하기 때문에 여러 번 승리하는 것이 전적으로 가능하며 실제로 그렇게 된다""고 설명했다.
서킨 씨는 이전 당첨금으로 아내와 하와이 여행을 다녀왔고, 이번에는 캐나다 동쪽 끝 뉴펀들랜드로 여행을 계획하고 있다고 밝혔다."
42,"사진=REUTERS
캐나다가 국방비 예산을 대폭 늘리기로 했다. 미국에 의존하는 안보 구조를 벗어나 자체 역량을 강화하려는 움직임으로 풀이된다. 최근 글로벌 시장에서 두각을 나타내는 K-방산에 새로운 기회가 될 것이란 전망이 나온다.
마크 카니 캐나다 총리는 9일(현지시간) 국방 및 안보 전략 발표에서 국내총생산(GDP) 대비 국방비 비중을 2%로 높이겠다는 국방 지출 목표를 이번 회계연도(2025년 4월∼2026년 3월) 중 달성할 예정이라고 밝혔다.
카니 총리는 ""점점 더 위험해지고 분열되는 세계에서 캐나다는 주권을 천명해야 한다""고 강조했다. 또 국방비 증액이 국방 분야뿐 아니라 관련 공급망에 걸쳐 캐나다 기업에 기회를 창출하고 캐나다를 강하게 만들 것이라고 역설했다.
그간 캐나다는 국방비 지출액의 약 4분의 3을 무기 구매 대금 등으로 미국에 지급해왔다. 카니 총리는 이를 줄일 필요가 있다는 입장이다. 또 미국에 대한 국방 의존도를 줄이며 자체 안보 역량을 키우고 유럽의 북대서양조약기구(나토·NATO) 동맹국과의 안보협력을 강화하겠다는 구상을 밝혀왔다.
현재 캐나다의 GDP 대비 국방비 비중은 약 1.4%로, 캐나다가 회원국인 NATO의 국방비 지출 가이드라인인 GDP 2%를 밑돌고 있다. 이번 국방비 증액 발표에 따라 캐나다는 국방비 지출 비중 목표 달성 시기를 기존 계획 대비 5년이나 앞당기게 됐다.
카니 총리는 ""우리는 신속히 새로운 장비와 기술을 조달하고 방위산업 역량을 구축해 나토에 약속한 방위비 목표를 올해 이행하겠다""며 ""캐나다는 긴박감과 결연한 의지로 이 기회를 포착할 것""이라고 강조했다.
이번에 발표된 국방지출 계획에는 △캐나다군의 급여 개선 △신규 항공기·장갑차·탄약 도입 △해저와 북극 감시를 위한 신규 드론 및 센서 개발 △인공지능(AI)·사이버·양자·우주 분야 역량 구축 등이 포함됐다.
이를 통해 △북극 지역 초지평선(OTH) 레이더 △합동 대(對) 드론 프로그램 △ 합동 지원함 △장거리 정밀타격 능력 △탄약생산 등을 핵심적으로 강화한다는 방침이다. 이번 회계연도에 포함된 국방 관련 투자액은 90억캐나다달러(약 8조9000억원)를 웃돈다고 캐나다 정부는 설명했다.
지난해 11월 한국과 캐나다는 외교·안보(2+2) 장관회의를 열어 방산 분야 협력을 논의하며 국방·안보 파트너십 구축에 힘을 쏟고 있다. 한국 방위사업청은 지난 3월 캐나다의 잠수함 도입 사업에 한국 방산업체들이 '원팀'으로 참여할 것이라고 밝히기도 했다.
캐나다 공영방송인 CBC는 지난달 최근 글로벌 방산업계에서 급부상하고 있는 한국의 방산 능력을 집중 조명했다. 캐나다 방산업계와 언론에서도 한국의 방위산업 경쟁력에 관심을 보이는 분위기다."
43,"미겔 우리베 투르바이 콜롬비아 상원 의원(가운데 파란색 넥타이). / 사진=AP, 연합
내년 대선이 열리는 콜롬비아에서 보수 성향 야권 대선주자가 7일(현지시간) 유세 도중 총격을 당해 중태에 빠지는 사건이 발생했다.
로이터, AFP, AP 통신 등 외신에 따르면 미겔 우리베 투르바이(39) 상원의원이 이날 오후 수도 보고타 시내의 한 공원에서 연설을 하던 중 총격을 당해 병원으로 옮겨졌다. 머리에 두 발, 무릎에 한 발씩 총 세 발의 총탄에 맞은 그는 현재 중태인 것으로 전해졌다.
각종 사회관계망서비스(SNS)에는 우리베 의원이 총에 맞고 피를 흘리는 모습과 한 남성의 도움을 받고 있는 모습 등이 담긴 영상이 확산하고 있다. 우리베 의원의 아내는 엑스(X·옛 트위터)를 통해 ""그는 지금 생사의 기로에 서 있다""고 했다.
우리베 의원 피격 현장이 통제되고 있다. / 사진=EPA, 연합
현장에서 체포된 용의자는 15세로 추정되는 미성년자인 것으로 알려졌다. 페드로 산체스 국방부 장관은 공범들이 더 있을 것으로 보고 수사를 진행 중이라면서 배후에 대한 정보를 제공하는 이에게 약 72만5000달러(약 10억 원)의 보상금을 제공한다고 밝혔다.
우리베 의원이 소속된 보수 야당인 중도민주당은 성명을 내고 ""무장한 무리가 그를 등 뒤에서 총으로 쐈다""고 했다. 콜롬비아 대통령실은 성명을 내고 ""절대적으로, 단호하게 (폭력 사태에) 반대한다""며 사건에 대한 철저한 조사를 촉구했다.
한편, 우리베 의원의 모친인 디아나 투르바이는 1990년대 콜롬비아의 악명 높은 '마약왕' 파블로 에스코바르가 이끄는 마약 카르텔에 의해 납치돼 살해당한 언론인으로 잘 알려져 있다."
44,"사진=연합뉴스
고병원성 조류인플루엔자(AI) 발생으로 중단됐던 브라질산 닭고기 수입이 이르면 이달 중 재개될 것으로 예상된다.
10일 농림축산식품부는 지난 9일 브라질 검역 당국과 브라질산 가금육과 가금생산물 수입을 위한 위생 조건 협의를 완료했다고 밝혔다. 다만 브라질 내 고병원성 AI가 발생하지 않은 지역에서만 닭고기를 수입(수입 지역화)할 수 있다.
정부는 브라질 히우그란지두술주에서 고병원성 AI가 발생하자 지난달 17일 브라질산 가금육과 가금생산물 수입을 전면 금지했다. 이후 9일 브라질 당국과 협의가 마무리되면서 행정 예고 절차를 거쳐 이르면 열흘 뒤부터 수입이 재개될 수 있을 것으로 보고 있다.
이달 수입이 재개되더라도 운송 기간을 고려하면 국내 수급은 내달께 이뤄진다.
브라질산 닭고기는 국내산보다 가격이 저렴한 데다 보통 순살로 수입돼 많은 외식 프랜차이즈업체가 사용한다.
지난해 우리나라가 수입한 브라질산 닭고기는 15만8000톤으로 전체 수입량(18만3600톤)의 86%에 이른다. 이는 지난해 국내 닭고기 소비량(79만1000톤)의 20%에 달한다.
지난달 브라질산 닭고기 수입 금지로 가격이 급등하자, 이를 재료로 쓰는 외식업체들이 공급난을 겪어 온 바 있다.
정부는 닭고기 수급 우려가 커지자 브라질 내 고병원성 AI가 발생하지 않은 지역에서 닭고기를 수입하기 위해 브라질 당국과 논의를 진행해 왔다."
45,"출처=캘거리헤럴드, WCLC
캐나다의 한 남성이 1년도 채 되지 않는 기간 동안 세 차례 복권에 당첨돼 총 250만 달러(한화 약 34억원)에 달하는 거액을 거머쥐었다. 극히 낮은 확률을 연이어 뚫은 데이비드 서킨(David Surkin) 씨의 사연은 캐나다 전역에 화제를 불러일으켰다.
9일(현지시간) 캐나다 현지 매체 캘거리 헤럴드 등 보도에 따르면, 앨버타주 레스브리지에 거주하는 서킨 씨는 지난해 8월 20일 로또 맥스(Lotto Max)에서 50만 달러(약 6억7700만원)에 처음 당첨됐고, 같은 해 11월 16일 로또 6/49에서 100만달러(약 13억5000만원), 올해 5월 3일 로또 6/49 클래식 추첨에서 다시 100만달러(약 13억5000만원)에 당첨됐다.
그는 과거에도 복권으로 25만 달러(약 3억원)를 수령한 적이 있어, 지금까지 총당첨 금액은 275만 달러(37억원)를 넘는다. 이에 대해 서킨 씨는 ""당첨되지 않으면 언제든 다시 시도할 수 있고, 당첨되면 매우 기쁘다""며 '암에서 살아남고 은퇴 후 인생을 살고 있는데 모든 것에 감사할 뿐""이라고 말했다. 또 ""이제 정말 끝일 것 같다""면서도 ""그래도 복권 사는 걸 좋아한다""고 덧붙였다.
가장 최근의 당첨은 기름을 넣던 중 주유소에서 우연히 산 복권이었다. 그는 당시 ""어차피 잃을 것도 없는데""라는 생각으로 로또를 구매했고, 골드볼 추첨 막바지에 걸려 100만달러(약 13억5000만원)의 당첨 행운을 안았다.
복권 당첨 후 그는 친구들과 커피를 마시러 갔다가 복권을 보여주자 친구들이 ""설마 또야?""라고 놀라워했다고 전했다. 그의 가족조차 연이은 당첨 소식에 믿기 어려워하는 반응을 보였다고 한다.
서킨 씨는 1982년 로또 6/49가 출시된 이후 40년 넘게 꾸준히 복권을 구매해온 '베테랑 복권 애호가'다. 그는 ""확률이 천문학적으로 낮다는 걸 알고 있다""며 ""다시는 이런 일이 없을 것 같지만 복권 사는 재미는 포기 못 한다""고 했다.
웨스턴 캐나다 복권 공사(WCLC)는 그의 연속 당첨에 대해 “극히 이례적인 사건”이라고 설명했다. 로또 맥스의 당첨 확률은 약 3329만 4800분의 1, 로또 6/49의 당첨 확률은 약 1398만 3816분의 1로 알려져 있다.
일각에서 서킨 씨의 당첨 정당성에 대한 의문이 제기되자, WCLC는 그가 4개월 간격으로 다른 소매점에서 복권을 구매했다는 점 등을 검토한 끝에 ""모두 합법적이며 우연히 일어난 일""이라고 결론 내렸다.
WCLC 대변인 에밀리 올슨은 ""당첨은 패턴 없이 무작위로 발생하기 때문에 여러 번 승리하는 것이 전적으로 가능하며 실제로 그렇게 된다""고 설명했다.
서킨 씨는 이전 당첨금으로 아내와 하와이 여행을 다녀왔고, 이번에는 캐나다 동쪽 끝 뉴펀들랜드로 여행을 계획하고 있다고 밝혔다."
46,"이시바 시게루 일본 총리가 ""한일 양국은 출산율, 인구 감소, 지방 침체 등 많은 공통 과제에 직면해 있다""면서 ""서로 식견을 공유해 협력할 수 있는 분야, 협력해야 할 분야가 많다""고 말했다.
이시바 총리는 19일 주일 한국대사관 주최로 도쿄에서 열린 '한일 국교 정상화 60주년 기념 리셉션'에 참석해 ""두 나라 사이에는 다양한 국면이 있었지만, 양국 간에는 항상 폭넓은 교류가 쌓여왔다""면서 이같이 밝혔다.
양국은 1965년 6월 22일 한일기본조약을 맺고 국교를 정상화했고, 올해 60주년을 맞았다.
이시바 총리는 ""올해는 다음 60년을 새삼 생각해볼 기회이기도 하다. 젊은 세대 간에 자연스러운 교류가 행해지는 것에 밝은 미래를 느낀다""고 말했다.
이어 ""정부 사이에서도 지금까지 구축된 기반을 토대로 양국 관계가 안정적으로 발전되도록 긴밀한 의사소통을 계속해가야 한다""고 강조했다.
그러면서 ""한일 협력의 저변을 넓히면서 그동안 만들어온 교류의 장을 다음 세대로 이어가고 싶다. 더 나은 미래를 향해 함께 새로운 한 걸음을 내딛고 나가자""고 강조했다.
이시바 총리는 또 최근 주요 7개국(G7) 정상회의를 계기로 이재명 대통령과의 캐나다에서 첫 만남을 언급하며 ""한일관계의 안정적 발전을 위해 서로의 생각을 맞춰가며 매우 좋은 논의를 할 수 있었다""고 전하기도 했다.
앞서 지난 16일 주한 일본대사관이 서울에서 주최한 한일 국교 정상화 60주년 기념행사 때는 이재명 대통령이 영상 메시지를 통해 ""격변하는 국제정세 속에서 양국은 함께 대응 방안을 모색해야 하는 중요한 파트너""라면서 ""앞으로도 한일관계에 안정적이고 미래지향적인 발전이 이뤄지길 소망한다""고 말한 바 있다.
당시 이 대통령은 G7 정상회의에 참석차 출국한 상태였다."
47,
48,이재명 대통령이 17일(현지시간) 캐나다 앨버타주 캐내내스키스 주요 7개국(G7) 정상회의장에서 이시바 시게루 일본 총리와 한·일 정상회담을 하고 있다. / 사진=대통령실
49,이재명 대통령이 17일(현지시간) 캐나다 앨버타주 캐내내스키스 주요 7개국(G7) 정상회의장에서 이시바 시게루 일본 총리와 한·일 정상회담을 하고 있다. / 사진=대통령실
50,사진=AFP
51,"심각한 알레르기 반응과 피부염으로 얼굴이 붉게 변한 30대 여성이 중국 내에서 주목받고 있다.
19일 중국 허난성 라디오 및 현지 보도에 따르면 37세 여성 A씨는 붉어진 얼굴을 공개해 이목을 집중시켰다. A씨는 ""15세부터 화장을 하기 시작해 20년 넘게 지우지 않아 얼굴이 붉어진 것""이라고 밝혔다.
중국 지린성 지린시에 거주하는 A씨는 화장 후 잠자리에 들기 전 물로 씻어내거나, 그것도 하지 않은 채 잠들었다. 하지만 최근 얼굴이 심하게 붓고 붉어졌고, 이 증상이 오랫동안 가라앉지 않았다.
얼굴에 열이 오르고 가려움증까지 심해졌지만, A씨는 피부과에 가는 대신 미용 성형외과를 찾아 물광주사를 맞았다. 그리고 이 주사를 맞은 후 피부는 더 뻣뻣해졌고, 피부색은 붉은색보다 어두워져 보라색을 띠게 됐다. 열감과 가려움증도 더 심해졌다.
A씨는 ""피부가 이제는 딱딱한 조개껍데기처럼 굳고, 가렵다""며 ""매일 집에 틀어박혀 사람들을 만나러 갈 엄두도 못 낸다""고 호소했다.
A씨는 이후 정밀 검사를 받았고, 중증 피부염 및 화학성 자극에 의한 알레르기성 반응으로 진단받은 상태다.
전문가들은 화장품의 기름 성분과 색소가 오랫동안 쌓이면서 땀, 피부 기름과 섞였고, 이게 모공을 막아 피지와 땀, 먼지가 정상적으로 배출되지 못해 여드름과 뾰루지가 생기는 만큼 깨끗한 세안의 중요성을 강조했다. 또한 화장품 잔여물과 먼지가 피부에 자극을 주면서 얼굴이 붓고 가려움을 느낄 수 있다는 설명이다.
여기에 화장품 화학 물질은 알레르기 반응을 유발할 수 있고, 화학 성분이 오랫동안 피부에 남아 세포와 조직을 손상시키고, 노화를 촉진해 잔주름과 주름을 만든다고 경고했다.
더불어 화장을 깨끗하게 지우지 않으면 화장품 속 화학 성분이 피부 장벽을 약화시키면서 외부 유해 물질로부터 보호받기 더 어려워진다고도 했다. 피부 장벽이 손상되면 피부는 더 예민해진다. 온도 변화나 자외선 등 외부 자극에 더욱더 강하게 반응하고, 가려움이 따끔거림, 부기 등 알레르기 증상도 나타나기 쉽다.
다만 일각에서는 A씨의 표현이 ""과장된 게 아니냐""는 반응도 나온다. A씨의 얼굴에 성형수술 흔적이 있는데 ""수술 전 화장을 지워야 하지 않냐""는 것. 더불어 A씨의 얼굴 상태가 ""바이러스 감염이나 물광주사 후 알레르기 반응과 유사해 보인다""는 의견도 이어지고 있다.
한편 현재 A씨는 항염 치료와 진정 연고 처방, 피부 재생 치료를 병행하고 있다. 회복에는 상당한 시간이 필요하다는 관측이 나온다."
52,"시진핑 중국 국가주석이 블라디미르 푸틴 러시아 대통령과 19일 오후 전화 통화에서 중동 정세에 대한 의견을 교환했다.
이날 중국 관영 신화통신과 중국중앙TV(CCTV)는 이같이 보도하면서 푸틴 대통령이 ""이스라엘의 이란 핵 시설 공격이 매우 위험하며, 충돌의 격화는 어느 한쪽의 이익에도 부합하지 않는다""고 말했다고 전했다.
보도에 따르면 푸틴 대통령은 또 ""이란 핵 문제는 대화와 협상을 통해 해결해야 한다""면서 ""충돌 당사국들은 제3국 시민의 안전을 보장해야 한다""고 말했다.
그러면서 ""러시아는 중국과 긴밀히 소통해 긴장 완화를 위해 적극적으로 노력하고 지역의 평화와 안정을 유지하기를 바란다""라고 덧붙였다.
이어 시 주석은 ""세계가 새로운 동요와 변혁의 시기에 접어들었음이 다시 한번 증명됐다. 충돌이 더욱 격화되면 당사국들만이 아니라 다른 지역 국가들도 큰 피해를 입을 것""이라고 말했다.
그러면서 현재 중동 사태에 대해 ""무력 충돌 당사국들, 특히 이스라엘이 조속히 휴전해야 하고 민간인의 안전이 최우선이며 근본적인 해결책은 대화와 협상으로 국제 사회의 노력이 필수 불가결하다""는 4가지 입장을 밝혔다.
시 주석은 또 ""중국은 각국과 지속해서 소통하며 중동 지역의 평화 회복을 위해 건설적인 역할을 하기를 원한다""면서 ""중러 양국의 정치적인 신뢰와 높은 수준의 전략적 협력을 높이 평가한다""고 덧붙였다."
53,
54,"출처=SCMP 캡처
17세 만나 절친이 된 중국 여고생이 알고 보니 생후 10일 만에 각각 입양돼 헤어졌던 쌍둥이 자매라는 사실이 알려져 화제다.
16일(현지시간) 홍콩 사우스차이나모닝포스트(SCMP)는 중국 허베이성 같은 도시에 입양돼 서로의 존재를 모르고 자란 쌍둥이 자매 하이차오와 장궈신의 사연을 전했다.
하이차오는 한 친구에게 ""옷 가게에 너랑 똑같이 생긴 사람이 있다""는 말을 듣고 직접 가게를 찾았고 그곳에서 장궈신을 처음 만났다고 회상했다. 두 사람은 같은 생일에 생후 100일쯤 중병을 앓았던 경험도 공유했다.
음식 취향부터 목소리, 머리 스타일까지 비슷해 금세 절친이 됐다. 양부모들은 두 사람이 쌍둥이라는 사실을 알고 있었지만 딸을 뺏길까 우려해 이를 숨겨온 것으로 알려졌다.
절친한 친구로 지낸 지 약 1년 후 양가 부모가 진실을 밝혔다. 두 사람은 가위바위보로 언니를 정했고, 이긴 장궈신이 실제 언니인 것으로 나중에 확인됐다.
놀라운 우연은 이어졌다. 이들은 같은 아파트 단지에 집을 샀다. 또 자녀들도 동갑으로 같은 반에 배정됐다. 아이들 외모까지 닮아 학부모 면담 때 교사가 구분하지 못한 일도 생겼다.
현재 37세가 된 두 사람은 사회관계망서비스(SNS) 계정을 함께 운영 중이다. 팔로워 수는 6만명을 넘는다. 두 사람은 최근 재회 20주년을 맞아 ""지금까지 20년은 행복 그 자체였다. 다음 20년도 함께하자""는 글을 게시했다."
