,title,img,link
0,4인 가족 '100만원 소비쿠폰'<br>고효율 가전 사면 10% 환급,https://img.hankyung.com/photo/202506/ZN.40764137.1.jpg,https://www.hankyung.com/article/2025061969271
1,'7년 넘은 5000만원 이하 빚' 탕감…113만명 수혜,https://img.hankyung.com/photo/202506/AA.40871984.3.jpg,https://www.hankyung.com/article/2025061968651
2,실업급여 예산 1.3兆 더 푼다…18만명 추가 혜택,https://img.hankyung.com/data/service/edit_img/202506/50774c2b00cfefbccdd163022f844baa.jpg,https://www.hankyung.com/article/202506195839i
3,올해 44兆 쏟아부어도 '0%대 성장' 우려,https://img.hankyung.com/photo/202506/AA.40871985.3.jpg,https://www.hankyung.com/article/2025061968661
4,"강민수 국세청장, 유럽 IOTA 총회 참석",https://img.hankyung.com/photo/202506/AA.40874121.3.jpg,https://www.hankyung.com/article/2025061968451
5,"이재명 대통령 ""이제 국가재정 쓸 때""…30.5조 추경 속도전",https://img.hankyung.com/photo/202506/AA.40874157.3.jpg,https://www.hankyung.com/article/2025061969471
6,'한우가 와규보다 식감 좋고 맛있어요'…중동서 '인기 폭발',https://img.hankyung.com/photo/202506/01.40869177.3.jpg,https://www.hankyung.com/article/202506196044i
7,"이창용 ""추경, 물가에 주는 영향 크지 않을 것""",https://img.hankyung.com/photo/202506/AA.40862339.3.jpg,https://www.hankyung.com/article/2025061842751
8,대학생 '천원 아침밥' 부러웠는데…직장인들도 '희소식',https://img.hankyung.com/photo/202506/AA.40862338.3.jpg,https://www.hankyung.com/article/2025061842711
9,소비자웰빙환경만족지수 1위 인증 수여식,https://img.hankyung.com/photo/202506/AA.40861078.3.jpg,https://www.hankyung.com/article/2025061841441
10,미국이 이란 공격할까?…중동 불안에 환율 10원 넘게 급등,https://img.hankyung.com/photo/202506/ZA.40870628.3.jpg,https://www.hankyung.com/article/202506196744i
11,"한은도 '호텔경제학?'…""유동성 지원 설명한 것, 승수효과와 관계없다""",https://img.hankyung.com/photo/202505/01.39035516.3.jpg,https://www.hankyung.com/article/202505216665i
12,"""지속가능성 걱정된다""…분위기 확 바뀐 정부의 예산지침",https://img.hankyung.com/photo/202503/02.24870384.3.jpg,https://www.hankyung.com/article/202503256603i
13,"트럼프 관세가 부추긴 '동조화'…원화, 위안화 방향따라 움직인다",https://img.hankyung.com/photo/202506/AA.40838537.3.jpg,https://www.hankyung.com/article/2025061687231
14,세계는 다 하는데 한국은 못했던 '환율 비교'…하반기 풀린다,https://img.hankyung.com/photo/202505/01.40660233.3.jpg,https://www.hankyung.com/article/202505294153i
15,"원·달러 환율, 1369원 개장…7개월 만에 가장 낮아",https://img.hankyung.com/photo/202505/ZA.40617097.3.jpg,https://www.hankyung.com/article/2025052651326
16,원화절상 압박 우려에…장중 원·달러 1360원대,https://img.hankyung.com/photo/202505/AA.40584862.3.jpg,https://www.hankyung.com/article/2025052203621
17,"""부모님 회사 덕에 돈 벌었는데""…'폭탄' 맞은 이유 알고 보니",https://img.hankyung.com/photo/202506/99.37992345.3.jpg,https://www.hankyung.com/article/2025061332247
18,"年 매출 5억 사장님, 세금 납부 전 '성실신고 확인' 하세요",https://img.hankyung.com/photo/202506/AA.40754383.3.jpg,https://www.hankyung.com/article/2025060807591
19,종소세 '성실신고 확인서' 제출해야…미제출 땐 '가산세' 붙어,https://img.hankyung.com/photo/202506/99.27785379.3.jpg,https://www.hankyung.com/article/2025060690367
20,"해외금융계좌 투자자, 주식·코인 5억 넘으면 신고하세요",https://img.hankyung.com/photo/202506/AA.40689680.3.jpg,https://www.hankyung.com/article/2025060189501
21,"1만1500원 vs 동결…노사, 최저임금 최초 제시안 제출",https://img.hankyung.com/photo/202506/01.40872849.3.jpg,https://www.hankyung.com/article/202506197105i
22,"""점심값도 안 나와""…공무원노조 내년 임금 6.6% 인상 요구",https://img.hankyung.com/photo/202506/01.40867514.3.jpg,https://www.hankyung.com/article/202506195671i
23,법원 '중노위 판정 유지율' 88%…노동법원 회의론도,https://static.hankyung.com/resource/www/section/img/thumb-welfare-default2.jpg,https://www.hankyung.com/article/2025061841761
24,쿠팡에만 다섯 번째 민주노총 노조 설립,https://static.hankyung.com/resource/www/section/img/thumb-welfare-default2.jpg,https://www.hankyung.com/article/2025061714681
25,"이란 공격 결정 미루는 트럼프<br>""장고 뒤엔 이라크戰 악몽""",https://img.hankyung.com/photo/202506/AA.40871992.1.jpg,https://www.hankyung.com/article/2025061968701
26,"이스라엘, '핵무기 제조 원천' 이란 원자로 때렸다",https://img.hankyung.com/photo/202506/AA.40871993.3.jpg,https://www.hankyung.com/article/2025061968711
27,"텍사스인스트루먼트, 美 반도체 공장에 600억弗 투자",https://img.hankyung.com/data/service/edit_img/202506/7982f54afb2d2bfe99e9a5fcb3f89963.jpg,https://www.hankyung.com/article/2025061968721
28,"""치킨값 또 오르겠네"" 우려 쏟아졌는데…드디어 끝났다",https://img.hankyung.com/photo/202506/99.40542047.3.jpg,https://www.hankyung.com/article/2025061947957
29,똑같이 생긴 절친 여고생…알고 보니 헤어진 쌍둥이였다,https://img.hankyung.com/photo/202506/01.40866477.3.png,https://www.hankyung.com/article/2025061953457
30,"이스라엘 ""이란, 집속탄 장착 탄도미사일로 공격""",https://img.hankyung.com/photo/202506/ZA.40874436.3.jpg,https://www.hankyung.com/article/2025061972817
31,"""비자 절차 재개"" 美 유학생 부모 한숨 돌렸는데…'논란 폭발' 왜?",https://img.hankyung.com/photo/202506/ZA.40839484.3.jpg,https://www.hankyung.com/article/2025061947217
32,'까딱하면 트럼프 때문에 美 경제 박살'…심상치 않은 경고,https://img.hankyung.com/photo/202506/99.18939196.3.jpg,https://www.hankyung.com/article/2025061821727
33,"""쾅!"" 폭발한 스페이스X 로켓…순식간에 불기둥 치솟았다",https://img.hankyung.com/photo/202506/ZA.40872404.3.jpg,https://www.hankyung.com/article/2025062074347
34,'트럼프는 독재자'…워싱턴 한복판에 등장한 조각상 정체,https://img.hankyung.com/photo/202506/ZA.40862387.3.jpg,https://www.hankyung.com/article/2025061972197
35,"'중증 치매' 브루스 윌리스 향한 딸의 고백…""모든 순간 감사""",https://img.hankyung.com/photo/202506/01.40866038.3.jpg,https://www.hankyung.com/article/2025061950827
36,"""비자 절차 재개"" 美 유학생 부모 한숨 돌렸는데…'논란 폭발' 왜?",https://img.hankyung.com/photo/202506/ZA.40839484.3.jpg,https://www.hankyung.com/article/2025061947217
37,'트럼프는 독재자'…워싱턴 한복판에 등장한 조각상 정체,https://img.hankyung.com/photo/202506/ZA.40862387.3.jpg,https://www.hankyung.com/article/2025061972197
38,"'중증 치매' 브루스 윌리스 향한 딸의 고백…""모든 순간 감사""",https://img.hankyung.com/photo/202506/01.40866038.3.jpg,https://www.hankyung.com/article/2025061950827
39,"""치킨값 또 오르겠네"" 우려 쏟아졌는데…드디어 끝났다",https://img.hankyung.com/photo/202506/99.40542047.3.jpg,https://www.hankyung.com/article/2025061947957
40,브라질 닭고기 이르면 이달 말 수입 재개 예정,https://img.hankyung.com/photo/202506/ZA.40553730.3.jpg,https://www.hankyung.com/article/2025061063147
41,"'암 극복' 은퇴 男, 9개월 동안 복권 3번 당첨…34억 '잭팟'",https://img.hankyung.com/photo/202506/01.40772176.3.jpg,https://www.hankyung.com/article/2025061044527
42,캐나다 국방지출 GDP 2%로 늘린다…'K-방산' 또 '대박'?,https://img.hankyung.com/photo/202506/ZA.40769958.3.jpg,https://www.hankyung.com/article/2025061039417
43,"콜롬비아 대선주자, 유세 중 총기 피격…'15세 용의자' 체포",https://img.hankyung.com/photo/202506/ZA.40752515.3.jpg,https://www.hankyung.com/article/2025060807267
44,브라질 닭고기 이르면 이달 말 수입 재개 예정,https://img.hankyung.com/photo/202506/ZA.40553730.3.jpg,https://www.hankyung.com/article/2025061063147
45,"'암 극복' 은퇴 男, 9개월 동안 복권 3번 당첨…34억 '잭팟'",https://img.hankyung.com/photo/202506/01.40772176.3.jpg,https://www.hankyung.com/article/2025061044527
46,"이시바 ""한일, 협력할 분야 많아…젊은 세대 교류, 밝은 미래 느껴""",https://img.hankyung.com/photo/202506/ZA.40854703.3.jpg,https://www.hankyung.com/article/2025061971047
47,"日이시바 ""젊은 세대 교류에서 밝은 미래 느껴""",https://img.hankyung.com/photo/202506/01.40847897.3.jpg,https://www.hankyung.com/article/2025061970437
48,"이시바 ""李대통령과 첫 만남서 생각 맞추며 좋은 논의""",https://img.hankyung.com/photo/202506/ZN.40868456.3.jpg,https://www.hankyung.com/article/2025061969867
49,"이시바 ""한일, 공통과제 직면…협력할 분야 많아""",https://img.hankyung.com/photo/202506/ZN.40868456.3.jpg,https://www.hankyung.com/article/2025061969687
50,"이시바, 韓주최 도쿄 '한일수교 60주년 행사' 참석",https://img.hankyung.com/photo/202506/ZA.40856373.3.jpg,https://www.hankyung.com/article/2025061967217
51,22년간 화장 안지운 30대 여성…변해버린 얼굴 '깜짝',https://img.hankyung.com/photo/202506/01.40876355.3.jpg,https://www.hankyung.com/article/2025062074617
52,"시진핑-푸틴 ""이스라엘, 조속히 휴전해야""…통화서 중동 논의",https://img.hankyung.com/photo/202506/ZA.40852559.3.jpg,https://www.hankyung.com/article/2025061971657
53,"中 CCTV ""시진핑, 푸틴과 통화…중동 정세에 대한 의견 교환""",https://img.hankyung.com/photo/202506/01.40847897.3.jpg,https://www.hankyung.com/article/2025061971277
54,똑같이 생긴 절친 여고생…알고 보니 헤어진 쌍둥이였다,https://img.hankyung.com/photo/202506/01.40866477.3.png,https://www.hankyung.com/article/2025061953457
